url,title
/Attraction_Review-g294197-d8737878-Reviews-Grevin_Museum-Seoul.html,Grevin Museum
/Attraction_Review-g294197-d324890-Reviews-The_National_Folk_Museum_of_Korea-Seoul.html,The National Folk Museum of Korea
/Attraction_Review-g294197-d598499-Reviews-Leeum_Samsung_Museum_of_Art-Seoul.html,Leeum Samsung Museum of Art
/Attraction_Review-g294197-d1957627-Reviews-Yeouido_Park-Seoul.html,Yeouido Park
/Attraction_Review-g294197-d590748-Reviews-Gwanghwamun_Gate-Seoul.html,Gwanghwamun Gate
/Attraction_Review-g294197-d1554603-Reviews-Changgyeonggung_Palace-Seoul.html,Changgyeonggung Palace
/Attraction_Review-g294197-d609340-Reviews-Myeong_dong_Cathedral-Seoul.html,Myeong-dong Cathedral
/Attraction_Review-g294197-d324887-Reviews-Deoksugung-Seoul.html,Deoksugung
/Attraction_Review-g294197-d592495-Reviews-Coex_Aquarium-Seoul.html,Coex Aquarium
/Attraction_Review-g294197-d8798065-Reviews-Lotte_World_Aquarium-Seoul.html,Lotte World Aquarium
/Attraction_Review-g294197-d592490-Reviews-Seoul_Children_s_Grand_Park-Seoul.html,Seoul Children's Grand Park
/Attraction_Review-g294197-d554634-Reviews-Jongmyo_Shrine-Seoul.html,Jongmyo Shrine
/Attraction_Review-g294197-d2008729-Reviews-Jamsil_Baseball_Stadium-Seoul.html,Jamsil Baseball Stadium
/Attraction_Review-g294197-d554303-Reviews-Starfield_COEX_Mall-Seoul.html,Starfield COEX Mall
/Attraction_Review-g294197-d1551271-Reviews-Namsangol_Hanok_Village-Seoul.html,Namsangol Hanok Village
/Attraction_Review-g294197-d6656879-Reviews-Samcheongdong_gil_Road-Seoul.html,Samcheongdong-gil Road
/Attraction_Review-g294197-d1440196-Reviews-Seodaemun_Prison_History_Hall-Seoul.html,Seodaemun Prison History Hall
/Attraction_Review-g294197-d324907-Reviews-Namdaemun_Market-Seoul.html,Namdaemun Market
/Attraction_Review-g294197-d1604009-Reviews-Garosu_gil-Seoul.html,Garosu-gil
/Attraction_Review-g294197-d2571660-Reviews-Itaewon-Seoul.html,Itaewon
/Attraction_Review-g294197-d324891-Reviews-Lotte_World-Seoul.html,Lotte World
/Attraction_Review-g294197-d2094166-Reviews-Seoul_Museum_of_History-Seoul.html,Seoul Museum of History
/Attraction_Review-g294197-d4095685-Reviews-Naksan_Park-Seoul.html,Naksan Park
/Attraction_Review-g294197-d3871936-Reviews-National_Museum_of_Modern_and_Contemporary_Art_Seoul-Seoul.html,National Museum of Modern and Contemporary Art Seoul
/Attraction_Review-g294197-d1958930-Reviews-Korea_House-Seoul.html,Korea House
/Attraction_Review-g294197-d2011401-Reviews-Shinsegae_Dept_Store_Main-Seoul.html,Shinsegae Dept. Store Main
/Attraction_Review-g294197-d10020530-Reviews-Seoul_Lantern_Festival-Seoul.html,Seoul Lantern Festival
/Attraction_Review-g294197-d7154750-Reviews-Hongdae_Art_Market_Free_Market-Seoul.html,Hongdae Art Market Free Market
/Attraction_Review-g294197-d7717373-Reviews-Seoul_City_Wall-Seoul.html,Seoul City Wall
/Attraction_Review-g294197-d1956582-Reviews-Majang_Meat_Market-Seoul.html,Majang Meat Market
/Attraction_Review-g294197-d7264107-Reviews-GOTO_Mall-Seoul.html,GOTO Mall
/Attraction_Review-g294197-d13199013-Reviews-Ikseon_dong_Hanok_Street-Seoul.html,Ikseon-dong Hanok Street
/Attraction_Review-g294197-d1549822-Reviews-Inwangsan_Mountain-Seoul.html,Inwangsan Mountain
/Attraction_Review-g294197-d1836198-Reviews-National_Palace_Museum_of_Korea-Seoul.html,National Palace Museum of Korea
/Attraction_Review-g294197-d10183192-Reviews-Seokchon_Lake-Seoul.html,Seokchon Lake
/Attraction_Review-g294197-d1990451-Reviews-Times_Square_Mall-Seoul.html,Times Square Mall
/Attraction_Review-g294197-d1962594-Reviews-Lotte_Department_Store_Main-Seoul.html,Lotte Department Store Main
/Attraction_Review-g294197-d6847900-Reviews-Gwanghwamun_Square-Seoul.html,Gwanghwamun Square
/Attraction_Review-g294197-d1675961-Reviews-Seolleung_Jeongneung_Royal_Tomb-Seoul.html,Seolleung & Jeongneung Royal Tomb
/Attraction_Review-g294197-d502576-Reviews-Samcheonggak-Seoul.html,Samcheonggak
/Attraction_Review-g294197-d2341905-Reviews-Dongdaemun_History_Culture_Park-Seoul.html,Dongdaemun History & Culture Park
/Attraction_Review-g294197-d3901265-Reviews-Seoul_Central_Mosque-Seoul.html,Seoul Central Mosque
/Attraction_Review-g294197-d561808-Reviews-Seoul_World_Cup_Stadium-Seoul.html,Seoul World Cup Stadium
/Attraction_Review-g294197-d6570666-Reviews-Ewha_Woman_s_University-Seoul.html,Ewha Woman's University
/Attraction_Review-g294197-d1579821-Reviews-Statue_of_Sejong_the_Great-Seoul.html,Statue of Sejong the Great
/Attraction_Review-g294197-d1478599-Reviews-Dongdaemun_Shopping_Complex-Seoul.html,Dongdaemun Shopping Complex
/Attraction_Review-g294197-d3957040-Reviews-National_Museum_of_Korean_Contemporary_History-Seoul.html,National Museum of Korean Contemporary History
/Attraction_Review-g294197-d3694519-Reviews-Ihwa_Mural_Village-Seoul.html,Ihwa Mural Village
/Attraction_Review-g294197-d6378743-Reviews-Alive_Museum_Insadong-Seoul.html,Alive Museum Insadong
/Attraction_Review-g294197-d11918183-Reviews-Stylenanda_Pink_Hotel_Flagship_Store-Seoul.html,Stylenanda Pink Hotel Flagship Store
/Attraction_Review-g294197-d1643534-Reviews-Seoul_Arts_Center-Seoul.html,Seoul Arts Center
/Attraction_Review-g294197-d10020529-Reviews-Seoul_International_Fireworks_Festival-Seoul.html,Seoul International Fireworks Festival
/Attraction_Review-g294197-d9996891-Reviews-Poopoo_Land-Seoul.html,Poopoo Land
/Attraction_Review-g294197-d1163226-Reviews-Jungbu_Market-Seoul.html,Jungbu Market
/Attraction_Review-g294197-d12459260-Reviews-Seoullo_7017-Seoul.html,Seoullo 7017
/Attraction_Review-g294197-d3600495-Reviews-Namsan_Cable_Car-Seoul.html,Namsan Cable Car
/Attraction_Review-g294197-d1418675-Reviews-COEX_Center-Seoul.html,COEX Center
/Attraction_Review-g294197-d3901448-Reviews-Kyunghee_University_Seoul_Campus-Seoul.html,Kyunghee University Seoul Campus
/Attraction_Review-g294197-d12538661-Reviews-Express_Bus_Terminal_Shopping_Center-Seoul.html,Express Bus Terminal Shopping Center
/Attraction_Review-g294197-d8822284-Reviews-Gocheok_Sky_Dome-Seoul.html,Gocheok Sky Dome
/Attraction_Review-g294197-d7376481-Reviews-Noryangjin_Fisheries_Wholesale_Market-Seoul.html,Noryangjin Fisheries Wholesale Market
/Attraction_Review-g294197-d6656809-Reviews-Korea_University-Seoul.html,Korea University
/Attraction_Review-g294197-d1821360-Reviews-Cheongwadae_Sarangchae-Seoul.html,Cheongwadae Sarangchae
/Attraction_Review-g294197-d13319724-Reviews-Mangwon_Market-Seoul.html,Mangwon Market
/Attraction_Review-g294197-d12034029-Reviews-SRT-Seoul.html,SRT
/Attraction_Review-g294197-d7154858-Reviews-Arario_Museum_in_Space-Seoul.html,Arario Museum in Space
/Attraction_Review-g294197-d554551-Reviews-63_City-Seoul.html,63 City
/Attraction_Review-g294197-d2483947-Reviews-Hongdae_NANTA_Theatre-Seoul.html,Hongdae NANTA Theatre
/Attraction_Review-g294197-d1972734-Reviews-Jeongdong_Theater-Seoul.html,Jeongdong Theater
/Attraction_Review-g294197-d8790342-Reviews-Yongma_Land-Seoul.html,Yongma Land
/Attraction_Review-g294197-d9796664-Reviews-Common_Ground-Seoul.html,Common Ground
/Attraction_Review-g294197-d553213-Reviews-Seoul_Daehangno-Seoul.html,Seoul Daehangno
/Attraction_Review-g294197-d4084344-Reviews-Seoul_City_Hall-Seoul.html,Seoul City Hall
/Attraction_Review-g294197-d3901164-Reviews-Lotte_Outlets_Seoul_Station-Seoul.html,Lotte Outlets Seoul Station
/Attraction_Review-g294197-d4438505-Reviews-Lotte_World_Folk_Museum-Seoul.html,Lotte World Folk Museum
/Attraction_Review-g294197-d8084014-Reviews-Hyundai_Department_Store_Apgujeong_Main-Seoul.html,Hyundai Department Store Apgujeong Main
/Attraction_Review-g294197-d2092468-Reviews-Seonyudo_Park-Seoul.html,Seonyudo Park
/Attraction_Review-g294197-d2476788-Reviews-D_Cube_City-Seoul.html,D-Cube City
/Attraction_Review-g294197-d15306289-Reviews-Seoul_Botanical_Garden-Seoul.html,Seoul Botanical Garden
/Attraction_Review-g294197-d2457547-Reviews-Grilled_Fish_Street_in_Dongdaemun_Market-Seoul.html,Grilled Fish Street in Dongdaemun Market
/Attraction_Review-g294197-d1758805-Reviews-The_Blue_House_Cheong_Wa_Dae-Seoul.html,The Blue House (Cheong Wa Dae)
/Attraction_Review-g294197-d2014599-Reviews-Achasan_Mountain-Seoul.html,Achasan Mountain
/Attraction_Review-g294197-d3808315-Reviews-Sungnyemun_Gate-Seoul.html,Sungnyemun Gate
/Attraction_Review-g294197-d6680423-Reviews-Tourist_Information_Center_of_Korea_Tourism_Organization-Seoul.html,Tourist Information Center of Korea Tourism Organization
/Attraction_Review-g294197-d3531799-Reviews-The_War_and_Women_s_Human_Rights_Museum-Seoul.html,The War and Women's Human Rights Museum
/Attraction_Review-g294197-d553246-Reviews-Sinchon-Seoul.html,Sinchon
/Attraction_Review-g294197-d4097409-Reviews-Korea_Furniture_Museum-Seoul.html,Korea Furniture Museum
/Attraction_Review-g294197-d9582584-Reviews-Doota-Seoul.html,Doota
/Attraction_Review-g294197-d3568803-Reviews-Banpodaegyo_Bridge-Seoul.html,Banpodaegyo Bridge
/Attraction_Review-g294197-d10288072-Reviews-D_Museum-Seoul.html,D Museum
/Attraction_Review-g294197-d8029067-Reviews-Teseum_Seoul-Seoul.html,Teseum Seoul
/Attraction_Review-g294197-d554533-Reviews-Dongdaemun_Gate_Heunginjimun-Seoul.html,Dongdaemun Gate (Heunginjimun)
/Attraction_Review-g294197-d1383393-Reviews-Migliore_Dongdaemun_Shop-Seoul.html,Migliore Dongdaemun Shop
/Attraction_Review-g294197-d592484-Reviews-Statue_of_Admiral_Yi_Sun_Sin-Seoul.html,Statue of Admiral Yi Sun-Sin
/Attraction_Review-g294197-d8822309-Reviews-Lotte_Young_Plaza_Myeongdong-Seoul.html,Lotte Young Plaza Myeongdong
/Attraction_Review-g294197-d592523-Reviews-Yongsan_Family_Park-Seoul.html,Yongsan Family Park
/Attraction_Review-g294197-d7891956-Reviews-Garak_Market-Seoul.html,Garak Market
/Attraction_Review-g294197-d7028432-Reviews-Dream_Forest-Seoul.html,Dream Forest
/Attraction_Review-g294197-d3822061-Reviews-IFC_Mall-Seoul.html,IFC Mall
/Attraction_Review-g294197-d4095502-Reviews-I_Park_Mall-Seoul.html,I-Park Mall
/Attraction_Review-g294197-d1809989-Reviews-Seoul_Museum_of_Art-Seoul.html,Seoul Museum of Art
/Attraction_Review-g294197-d4084362-Reviews-Kwanghee_Fasion_Mall-Seoul.html,Kwanghee Fasion Mall
/Attraction_Review-g294197-d2341922-Reviews-Gilsangsa_Shrine-Seoul.html,Gilsangsa Shrine
/Attraction_Review-g294197-d3805639-Reviews-Korean_Postage_Stamp_Museum-Seoul.html,Korean Postage Stamp Museum
/Attraction_Review-g294197-d5971975-Reviews-KBS_On-Seoul.html,KBS On
/Attraction_Review-g294197-d592508-Reviews-Seoul_National_Cemetery-Seoul.html,Seoul National Cemetery
/Attraction_Review-g294197-d7891686-Reviews-The_Story_of_King_Sejong_The_Story_of_Admiral_Yi_Sunshin-Seoul.html,The Story of King Sejong & The Story of Admiral Yi Sunshin
/Attraction_Review-g294197-d1489411-Reviews-Seven_Luck_Casino_Gangbuk_Hilton-Seoul.html,Seven Luck Casino Gangbuk Hilton
/Attraction_Review-g294197-d2293574-Reviews-Seoul_Plaza-Seoul.html,Seoul Plaza
/Attraction_Review-g294197-d7622540-Reviews-Jeongdong_Observatory-Seoul.html,Jeongdong Observatory
/Attraction_Review-g294197-d1960138-Reviews-Culture_Station_Seoul_284-Seoul.html,Culture Station Seoul 284
/Attraction_Review-g294197-d8769919-Reviews-Seoul_City_Wall_Museum-Seoul.html,Seoul City Wall Museum
/Attraction_Review-g294197-d3694405-Reviews-Unhyeongung-Seoul.html,Unhyeongung
/Attraction_Review-g294197-d10270564-Reviews-COEX_Center-Seoul.html,COEX Center
/Attraction_Review-g294197-d1052311-Reviews-Bank_of_Korea_Museum-Seoul.html,Bank of Korea Museum
/Attraction_Review-g294197-d7264192-Reviews-Eungbongsan_Mountain-Seoul.html,Eungbongsan Mountain
/Attraction_Review-g294197-d9755552-Reviews-Shinsegae_Gangnam-Seoul.html,Shinsegae Gangnam
/Attraction_Review-g294197-d2293568-Reviews-Gyeonghuigung_Palace-Seoul.html,Gyeonghuigung Palace
/Attraction_Review-g294197-d6509932-Reviews-Naksan_Public_Art-Seoul.html,Naksan Public Art
/Attraction_Review-g294197-d12538691-Reviews-Apm_Place-Seoul.html,apm Place
/Attraction_Review-g294197-d4084386-Reviews-Bugaksan_Seoul_Fortress-Seoul.html,Bugaksan Seoul Fortress
/Attraction_Review-g294197-d8121881-Reviews-The_Galleria_Main_Store-Seoul.html,The Galleria Main Store
/Attraction_Review-g294197-d12202187-Reviews-Gyeongui_line_forest-Seoul.html,Gyeongui line forest
/Attraction_Review-g294197-d2303919-Reviews-Jeoldusan_Martyrs_Shrine-Seoul.html,Jeoldusan Martyrs' Shrine
/Attraction_Review-g294197-d4094903-Reviews-Ice_Gallery-Seoul.html,Ice Gallery
/Attraction_Review-g294197-d2015834-Reviews-Paradise_Casino_Walkerhill-Seoul.html,Paradise Casino Walkerhill
/Attraction_Review-g294197-d6352852-Reviews-Mecenatpolis_Mall-Seoul.html,Mecenatpolis Mall
/Attraction_Review-g294197-d10758285-Reviews-Statue_of_Gangnam_Style-Seoul.html,Statue of Gangnam Style
/Attraction_Review-g294197-d2367771-Reviews-Seoul_Folk_Flea_Market-Seoul.html,Seoul Folk Flea Market
/Attraction_Review-g294197-d9583069-Reviews-Seocho_Tourist_Information_Center-Seoul.html,Seocho Tourist Information Center
/Attraction_Review-g294197-d3808256-Reviews-Itaewon_Antique_Furniture_Street-Seoul.html,Itaewon Antique Furniture Street
/Attraction_Review-g294197-d592521-Reviews-Museum_Kimchikan-Seoul.html,Museum Kimchikan
/Attraction_Review-g294197-d592483-Reviews-Aquarium_63_SeaWorld-Seoul.html,Aquarium 63 SeaWorld
/Attraction_Review-g294197-d2173769-Reviews-Sebitseom-Seoul.html,Sebitseom
/Attraction_Review-g294197-d12910217-Reviews-L_atelier-Seoul.html,L’atelier
/Attraction_Review-g294197-d4094809-Reviews-Ttukseom_Hangang_Park-Seoul.html,Ttukseom Hangang Park
/Attraction_Review-g294197-d3694539-Reviews-Daelim_Museum-Seoul.html,Daelim Museum
/Attraction_Review-g294197-d10479243-Reviews-Baek_In_Je_House_Museum-Seoul.html,Baek In-Je House Museum
/Attraction_Review-g294197-d9583000-Reviews-Lotte_FitIn-Seoul.html,Lotte FitIn
/Attraction_Review-g294197-d11879752-Reviews-Myeongdong_Underground_Shopping_Center-Seoul.html,Myeongdong Underground Shopping Center
/Attraction_Review-g294197-d1957485-Reviews-Hongik_University-Seoul.html,Hongik University
/Attraction_Review-g294197-d11434444-Reviews-Kukkiwon_World_Taekwondo_Headquarters-Seoul.html,Kukkiwon World Taekwondo Headquarters
/Attraction_Review-g294197-d4412686-Reviews-An_Jung_geun_Memorial_Hall-Seoul.html,An Jung-geun Memorial Hall
/Attraction_Review-g294197-d3808299-Reviews-Children_s_Museum_of_National_Museum_of_Korea-Seoul.html,Children’s Museum of National Museum of Korea
/Attraction_Review-g294197-d1627541-Reviews-Star_Avenue_at_Lotte_World-Seoul.html,Star Avenue at Lotte World
/Attraction_Review-g294197-d7717516-Reviews-National_Hangeul_Museum-Seoul.html,National Hangeul Museum
/Attraction_Review-g294197-d6960656-Reviews-Mario_outlet-Seoul.html,Mario outlet
/Attraction_Review-g294197-d324951-Reviews-Tapgol_Park-Seoul.html,Tapgol Park
/Attraction_Review-g294197-d1761206-Reviews-Seoul_Global_Cultural_Center-Seoul.html,Seoul Global Cultural Center
/Attraction_Review-g294197-d592487-Reviews-Boramae_Park-Seoul.html,Boramae Park
/Attraction_Review-g294197-d14202981-Reviews-Ansan_Jarak_gil-Seoul.html,Ansan Jarak-gil
/Attraction_Review-g294197-d592507-Reviews-King_Sejong_Memorial_Hall-Seoul.html,King Sejong Memorial Hall
/Attraction_Review-g294197-d1972740-Reviews-Seven_Luck_Casino_Gangnam_Coex-Seoul.html,Seven Luck Casino Gangnam Coex
/Attraction_Review-g294197-d11960625-Reviews-Figure_Museum-Seoul.html,Figure Museum
/Attraction_Review-g294197-d7028430-Reviews-Yangjae_Citizens_Park-Seoul.html,Yangjae Citizens' Park
/Attraction_Review-g294197-d12986884-Reviews-Dongdaemun_Seonggwak_Park-Seoul.html,Dongdaemun Seonggwak Park
/Attraction_Review-g294197-d3805483-Reviews-Seodaemun_Museum_of_Natural_History-Seoul.html,Seodaemun Museum of Natural History
/Attraction_Review-g294197-d10813620-Reviews-Seoul_Metropolitan_Library-Seoul.html,Seoul Metropolitan Library
/Attraction_Review-g294197-d7028448-Reviews-Montmartre_Park-Seoul.html,Montmartre Park
/Attraction_Review-g294197-d3805521-Reviews-Jeongneung_Royal_Tomb-Seoul.html,Jeongneung Royal Tomb
/Attraction_Review-g294197-d13651545-Reviews-Hyundai_Card_Music_Library-Seoul.html,Hyundai Card Music Library
/Attraction_Review-g294197-d14192340-Reviews-Amore_Pacific_Museum_of_Art-Seoul.html,Amore Pacific Museum of Art
/Attraction_Review-g294197-d1532473-Reviews-Nampyeonghwa_Sangga-Seoul.html,Nampyeonghwa Sangga
/Attraction_Review-g294197-d3805427-Reviews-Beautiful_Tea_Museum-Seoul.html,Beautiful Tea Museum
/Attraction_Review-g294197-d10483406-Reviews-Hello_APM-Seoul.html,Hello APM
/Attraction_Review-g294197-d2341887-Reviews-Dosan_Neighborhood_Park-Seoul.html,Dosan Neighborhood Park
/Attraction_Review-g294197-d10020511-Reviews-Hi_Seoul_Festival-Seoul.html,Hi Seoul Festival
/Attraction_Review-g294197-d3808303-Reviews-Children_s_Folk_Museum-Seoul.html,Children's Folk Museum
/Attraction_Review-g294197-d2369065-Reviews-Owl_Museum-Seoul.html,Owl Museum
/Attraction_Review-g294197-d2428773-Reviews-Hoehyeon_Underground_Shopping_area-Seoul.html,Hoehyeon Underground Shopping area
/Attraction_Review-g294197-d8556104-Reviews-Myeong_Dong_Tourist_Information_Center-Seoul.html,Myeong-Dong Tourist Information Center
/Attraction_Review-g294197-d2293590-Reviews-MMCA_National_Museum_of_Contemporary_Art_Deoksugung-Seoul.html,"MMCA - National Museum of Contemporary Art, Deoksugung"
/Attraction_Review-g294197-d7060791-Reviews-63_Sky_Art-Seoul.html,63 Sky Art
/Attraction_Review-g294197-d11772906-Reviews-Airport_Railroad_Travel_Center-Seoul.html,Airport Railroad Travel Center
/Attraction_Review-g294197-d15693012-Reviews-K_Style_Hub-Seoul.html,K-Style Hub
/Attraction_Review-g294197-d13412916-Reviews-Ssentoy_Museum_Showroom-Seoul.html,Ssentoy Museum & Showroom
/Attraction_Review-g294197-d7154928-Reviews-Dongmyo_Flea_Market-Seoul.html,Dongmyo Flea Market
/Attraction_Review-g294197-d3694651-Reviews-Yeongdeungpo_Market-Seoul.html,Yeongdeungpo Market
/Attraction_Review-g294197-d3805601-Reviews-Bosingak-Seoul.html,Bosingak
/Attraction_Review-g294197-d4798698-Reviews-Seoul_Olympic_Museum-Seoul.html,Seoul Olympic Museum
/Attraction_Review-g294197-d13138039-Reviews-Yonsei_University_Sinchon_Campus-Seoul.html,Yonsei University Sinchon Campus
/Attraction_Review-g294197-d13172633-Reviews-Gyeongui_Line_Book_Street-Seoul.html,Gyeongui Line Book Street
/Attraction_Review-g294197-d1831099-Reviews-National_Gugak_Center-Seoul.html,National Gugak Center
/Attraction_Review-g294197-d10677413-Reviews-Namsan_Outdoor_Botanical_Garden-Seoul.html,Namsan Outdoor Botanical Garden
/Attraction_Review-g294197-d2015883-Reviews-Good_Morning_City-Seoul.html,Good Morning City
/Attraction_Review-g294197-d12928976-Reviews-Digital_Media_City_Gallery-Seoul.html,Digital Media City Gallery
/Attraction_Review-g294197-d1176552-Reviews-Heojun_Museum-Seoul.html,Heojun Museum
/Attraction_Review-g294197-d10720451-Reviews-Jonggak_Avenue_of_Youth-Seoul.html,Jonggak Avenue of Youth
/Attraction_Review-g294197-d8749178-Reviews-Pyeonghwa_Market-Seoul.html,Pyeonghwa Market
/Attraction_Review-g294197-d1957629-Reviews-The_National_Assembly_Building-Seoul.html,The National Assembly Building
/Attraction_Review-g294197-d14771392-Reviews-Queen_Mama_Market-Seoul.html,Queen Mama Market
/Attraction_Review-g294197-d10897838-Reviews-Bugak_Skyway-Seoul.html,Bugak Skyway
/Attraction_Review-g294197-d15075839-Reviews-Hyundai_City_Outlets_Dongdaemun-Seoul.html,Hyundai City Outlets - Dongdaemun
/Attraction_Review-g294197-d2571695-Reviews-Waryong_Park-Seoul.html,Waryong Park
/Attraction_Review-g294197-d1908282-Reviews-Sanmotoonge-Seoul.html,sanmotoonge
/Attraction_Review-g294197-d10253198-Reviews-Seoul_Finance_Center-Seoul.html,Seoul Finance Center
/Attraction_Review-g294197-d4094877-Reviews-Chungmu_Arts_Center-Seoul.html,Chungmu Arts Center
/Attraction_Review-g294197-d7353795-Reviews-Bukchon_Observatory-Seoul.html,Bukchon Observatory
/Attraction_Review-g294197-d3197992-Reviews-The_National_Theater_of_Korea-Seoul.html,The National Theater of Korea
/Attraction_Review-g294197-d632509-Reviews-Hwagyesa_Temple-Seoul.html,Hwagyesa Temple
/Attraction_Review-g294197-d2519674-Reviews-Seoul_Animation_Center-Seoul.html,Seoul Animation Center
/Attraction_Review-g294197-d11928572-Reviews-Samcheong_Park-Seoul.html,Samcheong Park
/Attraction_Review-g294197-d12986927-Reviews-Mapo_Oil_Tank_Culture_Park-Seoul.html,Mapo Oil Tank Culture Park
/Attraction_Review-g294197-d12339161-Reviews-Jamsil_Sports_Complex-Seoul.html,Jamsil Sports Complex
/Attraction_Review-g294197-d2341861-Reviews-Yeouido_Saetgang_Ecological_Park-Seoul.html,Yeouido Saetgang Ecological Park
/Attraction_Review-g294197-d7891946-Reviews-Seoul_Anglican_Cathedral-Seoul.html,Seoul Anglican Cathedral
/Attraction_Review-g294197-d7891838-Reviews-LG_Arts_Center-Seoul.html,LG Arts Center
/Attraction_Review-g294197-d15634430-Reviews-Haebangchon-Seoul.html,Haebangchon
/Attraction_Review-g294197-d7264066-Reviews-Suseongdong_Valley-Seoul.html,Suseongdong Valley
/Attraction_Review-g294197-d4095681-Reviews-Jangchungdan_Park-Seoul.html,Jangchungdan Park
/Attraction_Review-g294197-d1960133-Reviews-Choong_Ang_High_School_Location_for_Winter_Sonata-Seoul.html,Choong Ang High School (Location for Winter Sonata)
/Attraction_Review-g294197-d4235275-Reviews-Charlotte_Theater-Seoul.html,Charlotte Theater
/Attraction_Review-g294197-d15051248-Reviews-Hallyu_K_Star_Road-Seoul.html,Hallyu K-Star Road
/Attraction_Review-g294197-d8404036-Reviews-Insadong_P_R_Tourist_Information_Center-Seoul.html,Insadong P.R & Tourist Information Center
/Attraction_Review-g294197-d1862199-Reviews-Myeongdong_Seocobulhanjeungmag-Seoul.html,Myeongdong Seocobulhanjeungmag
/Attraction_Review-g294197-d4798710-Reviews-Songpa_Naru_Park-Seoul.html,Songpa Naru Park
/Attraction_Review-g294197-d12763399-Reviews-Statue_of_Peace-Seoul.html,Statue of Peace
/Attraction_Review-g294197-d1804662-Reviews-Hongneung_Arboretum-Seoul.html,Hongneung Arboretum
/Attraction_Review-g294197-d11879469-Reviews-Dongdaemun_Underground_Shopping_Center-Seoul.html,Dongdaemun Underground Shopping Center
/Attraction_Review-g294197-d7891943-Reviews-Mongchontoseong_Fortress-Seoul.html,Mongchontoseong Fortress
/Attraction_Review-g294197-d10020510-Reviews-Hanseong_Baekje_Cultural_Festival-Seoul.html,Hanseong Baekje Cultural Festival
/Attraction_Review-g294197-d592482-Reviews-Bongwonsa_Temple-Seoul.html,Bongwonsa Temple
/Attraction_Review-g294197-d10464413-Reviews-CineCore_Bibap_Theater-Seoul.html,CineCore Bibap Theater
/Attraction_Review-g294197-d1992546-Reviews-Myeongdong_Migliore-Seoul.html,Myeongdong Migliore
/Attraction_Review-g294197-d12871271-Reviews-Deoksugung_Doldam_gil-Seoul.html,Deoksugung Doldam-gil
/Attraction_Review-g294197-d2255376-Reviews-Naksan_Myogaksa-Seoul.html,Naksan Myogaksa
/Attraction_Review-g294197-d3136733-Reviews-Chilgung-Seoul.html,Chilgung
/Attraction_Review-g294197-d4427670-Reviews-Seoul_University_Hospital_Medical_Museum-Seoul.html,Seoul University Hospital Medical Museum
/Attraction_Review-g294197-d10376613-Reviews-Mangwon_Hangang_Park-Seoul.html,Mangwon Hangang Park
/Attraction_Review-g294197-d10897845-Reviews-Bugak_Palgakjeong_Pavilion-Seoul.html,Bugak Palgakjeong Pavilion
/Attraction_Review-g294197-d5924658-Reviews-Seoul_Museum-Seoul.html,Seoul Museum
/Attraction_Review-g294197-d6847894-Reviews-Yanghwajin_Foreign_Missionary_Cemetery-Seoul.html,Yanghwajin Foreign Missionary Cemetery
/Attraction_Review-g294197-d592450-Reviews-Agricultural_Museum-Seoul.html,Agricultural Museum
/Attraction_Review-g294197-d11879847-Reviews-Seoul_Intercity_Bus-Seoul.html,Seoul Intercity Bus
/Attraction_Review-g294197-d7891676-Reviews-Garden_5-Seoul.html,Garden 5
/Attraction_Review-g294197-d8121688-Reviews-Chungmuro_Pet_Street-Seoul.html,Chungmuro Pet Street
/Attraction_Review-g294197-d3805519-Reviews-Jingwansa_Temple-Seoul.html,Jingwansa Temple
/Attraction_Review-g294197-d7717447-Reviews-Hwangudan_Altar-Seoul.html,Hwangudan Altar
/Attraction_Review-g294197-d14789834-Reviews-Seoul_Children_s_Museum-Seoul.html,Seoul Children's Museum
/Attraction_Review-g294197-d12841946-Reviews-Lotte_Concert_Hall-Seoul.html,Lotte Concert Hall
/Attraction_Review-g294197-d8449187-Reviews-Seoul_Baekje_Museum-Seoul.html,Seoul Baekje Museum
/Attraction_Review-g294197-d13169763-Reviews-World_Peace_Gate-Seoul.html,World Peace Gate
/Attraction_Review-g294197-d4095671-Reviews-Yonsei_University_Museum-Seoul.html,Yonsei University Museum
/Attraction_Review-g294197-d8693245-Reviews-3D_Black_Art_Museum-Seoul.html,3D Black Art Museum
/Attraction_Review-g294197-d1946087-Reviews-Grand_Mart-Seoul.html,Grand Mart
/Attraction_Review-g294197-d14147296-Reviews-Seoul_Bamdokkaebi_Night_Market_Yeouido-Seoul.html,Seoul Bamdokkaebi Night Market - Yeouido
/Attraction_Review-g294197-d4094936-Reviews-Knife_Gallery-Seoul.html,Knife Gallery
/Attraction_Review-g294197-d3670803-Reviews-Museum_of_Art_Seoul_National_University-Seoul.html,"Museum of Art, Seoul National University"
/Attraction_Review-g294197-d7892136-Reviews-Appenzeller_Noble_Memorial_Museum-Seoul.html,Appenzeller Noble Memorial Museum
/Attraction_Review-g294197-d14202847-Reviews-Gyeongchun_Supgil-Seoul.html,Gyeongchun Supgil
/Attraction_Review-g294197-d8724136-Reviews-Bugaksan_Mountain-Seoul.html,Bugaksan Mountain
/Attraction_Review-g294197-d592520-Reviews-Marronnier_Park-Seoul.html,Marronnier Park
/Attraction_Review-g294197-d4095680-Reviews-Nakseongdae_Park-Seoul.html,Nakseongdae Park
/Attraction_Review-g294197-d14957337-Reviews-Piknic-Seoul.html,piknic
/Attraction_Review-g294197-d8076992-Reviews-Gallery_Hyundai-Seoul.html,Gallery Hyundai
/Attraction_Review-g294197-d3805517-Reviews-Taereung-Seoul.html,Taereung
/Attraction_Review-g294197-d4096226-Reviews-Mapo_Art_Center-Seoul.html,Mapo Art Center
/Attraction_Review-g294197-d7891951-Reviews-M_Plaza-Seoul.html,M Plaza
/Attraction_Review-g294197-d3805479-Reviews-Dongnimmun_Gate-Seoul.html,Dongnimmun Gate
/Attraction_Review-g294197-d7891918-Reviews-Soma_Museum_of_Art-Seoul.html,Soma Museum of Art
/Attraction_Review-g294197-d13433251-Reviews-International_Seon_Center-Seoul.html,International Seon Center
/Attraction_Review-g294197-d11879393-Reviews-Noon_Square-Seoul.html,Noon Square
/Attraction_Review-g294197-d14975458-Reviews-Jongno_Tower-Seoul.html,Jongno Tower
/Attraction_Review-g294197-d2209195-Reviews-Cultural_Complex_J_Bug-Seoul.html,Cultural Complex J-Bug
/Attraction_Review-g294197-d11879639-Reviews-Hamilton_Shopping_Center-Seoul.html,Hamilton Shopping Center
/Attraction_Review-g294197-d13436805-Reviews-Gimpo_International_Airport_Observatory_Deck-Seoul.html,Gimpo International Airport Observatory Deck
/Attraction_Review-g294197-d10543181-Reviews-Yoon_Dongju_Literary_Museum-Seoul.html,Yoon Dongju Literary Museum
/Attraction_Review-g294197-d3805494-Reviews-Hanbok_Museum-Seoul.html,Hanbok Museum
/Attraction_Review-g294197-d14956599-Reviews-Jonglo3ga_Pojangmacha_Geoli-Seoul.html,Jonglo3ga Pojangmacha Geoli
/Attraction_Review-g294197-d4094934-Reviews-Universal_Art_Center-Seoul.html,Universal Art Center
/Attraction_Review-g294197-d14202347-Reviews-SM_ENTERTAINMENT_Communication_Center-Seoul.html,SM ENTERTAINMENT Communication Center
/Attraction_Review-g294197-d11850476-Reviews-Seoul_Iris_Garden-Seoul.html,Seoul Iris Garden
/Attraction_Review-g294197-d14202310-Reviews-Hwarangdae_Station_Closed_Station-Seoul.html,Hwarangdae Station - Closed Station
/Attraction_Review-g294197-d592497-Reviews-Doseonsa_Temple-Seoul.html,Doseonsa Temple
/Attraction_Review-g294197-d7891991-Reviews-Digital_Pavilion-Seoul.html,Digital Pavilion
/Attraction_Review-g294197-d15079785-Reviews-Ankara_Park-Seoul.html,Ankara Park
/Attraction_Review-g294197-d13319719-Reviews-Yeongcheon_Market-Seoul.html,Yeongcheon Market
/Attraction_Review-g294197-d4095494-Reviews-Korea_Army_Museum-Seoul.html,Korea Army Museum
/Attraction_Review-g294197-d2341869-Reviews-Whanki_Museum-Seoul.html,Whanki Museum
/Attraction_Review-g294197-d6197503-Reviews-Kim_Koo_Museum_Library-Seoul.html,Kim Koo Museum & Library
/Attraction_Review-g294197-d5924188-Reviews-Trick_World-Seoul.html,Trick World
/Attraction_Review-g294197-d3808305-Reviews-Yeonsero_Yonsei_University_Street-Seoul.html,Yeonsero (Yonsei University Street)
/Attraction_Review-g294197-d13004245-Reviews-Gongdeok_Market-Seoul.html,Gongdeok Market
/Attraction_Review-g294197-d4798583-Reviews-Gana_Art_Gallery-Seoul.html,Gana Art Gallery
/Attraction_Review-g294197-d4427522-Reviews-Seoul_Museum_of_Art_Namseoul_Bunkwan-Seoul.html,Seoul Museum of Art Namseoul Bunkwan
/Attraction_Review-g294197-d3805568-Reviews-Gahoe_Museum-Seoul.html,Gahoe Museum
/Attraction_Review-g294197-d4323885-Reviews-Chungjeongno_NANTA_Theatre-Seoul.html,Chungjeongno NANTA Theatre
/Attraction_Review-g294197-d8693250-Reviews-Mokdong_Stadium-Seoul.html,Mokdong Stadium
/Attraction_Review-g294197-d2476657-Reviews-B_Boy_city_in_Seoul_Kung_Hongdae_Theatre-Seoul.html,"B-Boy city in Seoul - Kung, Hongdae Theatre"
/Attraction_Review-g294197-d6876616-Reviews-Seoul_Seokchon_dong_Ancient_Tombs-Seoul.html,Seoul Seokchon-dong Ancient Tombs
/Attraction_Review-g294197-d10536576-Reviews-Ewha_Mural_Village-Seoul.html,Ewha Mural Village
/Attraction_Review-g294197-d7891917-Reviews-Yakhyeon_Catholic_Church-Seoul.html,Yakhyeon Catholic Church
/Attraction_Review-g294197-d7891908-Reviews-The_Seoul_National_Science_Museum-Seoul.html,The Seoul National Science Museum
/Attraction_Review-g294197-d7154849-Reviews-Little_Tokyo-Seoul.html,Little Tokyo
/Attraction_Review-g294197-d7154939-Reviews-Cheongdam_Fashion_Street-Seoul.html,Cheongdam Fashion Street
/Attraction_Review-g294197-d9569019-Reviews-Ten_story_Stone_Pagoda_of_Wongaksa_Temple_Site-Seoul.html,Ten-story Stone Pagoda of Wongaksa Temple Site
/Attraction_Review-g294197-d4798717-Reviews-Samcheong_Park-Seoul.html,Samcheong Park
/Attraction_Review-g294197-d15272214-Reviews-Mapo_Agricultural_Marine_Products_Market-Seoul.html,Mapo Agricultural & Marine Products Market
/Attraction_Review-g294197-d2041644-Reviews-SA_CHOOM_Theater-Seoul.html,SA.CHOOM Theater
/Attraction_Review-g294197-d3805629-Reviews-Former_Russian_Legation-Seoul.html,Former Russian Legation
/Attraction_Review-g294197-d13229785-Reviews-Seoul_Comics_Road_Zaemiro-Seoul.html,Seoul Comics Road Zaemiro
/Attraction_Review-g294197-d7154877-Reviews-The_National_Library_of_Korea-Seoul.html,The National Library of Korea
/Attraction_Review-g294197-d14916828-Reviews-Seongu_Barber_Shop-Seoul.html,Seongu Barber Shop
/Attraction_Review-g294197-d7118734-Reviews-Bukchon_Cultural_Center-Seoul.html,Bukchon Cultural Center
/Attraction_Review-g294197-d2269012-Reviews-Dongmyo_Eastern_Shrine-Seoul.html,Dongmyo (Eastern Shrine)
/Attraction_Review-g294197-d3805630-Reviews-Sukjeongmun_Gate-Seoul.html,Sukjeongmun Gate
/Attraction_Review-g294197-d4095657-Reviews-Amsadong_Pre_history_Settlement_Site-Seoul.html,Amsadong Pre-history Settlement Site
/Attraction_Review-g294197-d7891912-Reviews-Dapsimni_Antique_Shopping_Mall-Seoul.html,Dapsimni Antique Shopping Mall
/Attraction_Review-g294197-d7891924-Reviews-Kumho_Museum_of_Art-Seoul.html,Kumho Museum of Art
/Attraction_Review-g294197-d3808296-Reviews-Changuimun_Gate_Jahamun_Gate-Seoul.html,Changuimun Gate (Jahamun Gate)
/Attraction_Review-g294197-d592440-Reviews-Sajik_Park-Seoul.html,Sajik Park
/Attraction_Review-g294197-d7987267-Reviews-Chungun_Park-Seoul.html,Chungun Park
/Attraction_Review-g294197-d3805440-Reviews-Dong_Lim_Knot_Museum-Seoul.html,Dong-Lim Knot Museum
/Attraction_Review-g294197-d2269011-Reviews-Munmyo-Seoul.html,Munmyo
/Attraction_Review-g294197-d13172639-Reviews-Asia_Neighborhood_Park-Seoul.html,Asia Neighborhood Park
/Attraction_Review-g294197-d592500-Reviews-Onggi_Folk_Museum-Seoul.html,Onggi Folk Museum
/Attraction_Review-g294197-d4095561-Reviews-Sookmyung_Women_s_University_Museum-Seoul.html,Sookmyung Women's University Museum
/Attraction_Review-g294197-d4095486-Reviews-Ahmsadong_Seonsa_Joogeoji-Seoul.html,Ahmsadong Seonsa Joogeoji
/Attraction_Review-g294197-d13999912-Reviews-Gangnam_Style_Horse_Dance_Stage-Seoul.html,Gangnam Style Horse Dance Stage
/Attraction_Review-g294197-d12242525-Reviews-Street_Museum-Seoul.html,Street Museum
/Attraction_Review-g294197-d14135425-Reviews-Jongmyo_Square_Park-Seoul.html,Jongmyo Square Park
/Attraction_Review-g294197-d7060830-Reviews-Simone_Handbag_Museum-Seoul.html,Simone Handbag Museum
/Attraction_Review-g294197-d9582763-Reviews-Green_Wall-Seoul.html,Green Wall
/Attraction_Review-g294197-d592502-Reviews-Global_Village_Folklore_Museum-Seoul.html,Global Village Folklore Museum
/Attraction_Review-g294197-d4438716-Reviews-Jungmyeongjeon_Hall-Seoul.html,Jungmyeongjeon Hall
/Attraction_Review-g294197-d9719010-Reviews-Dokdo_Museum_Seoul-Seoul.html,Dokdo Museum Seoul
/Attraction_Review-g294197-d10210051-Reviews-Nuzzon-Seoul.html,Nuzzon
/Attraction_Review-g294197-d7892126-Reviews-Daegaksa_Temple-Seoul.html,Daegaksa Temple
/Attraction_Review-g294197-d7892447-Reviews-Gangnam_Tourist_Information_Center-Seoul.html,Gangnam Tourist Information Center
/Attraction_Review-g294197-d4438789-Reviews-Central_Buddhist_Museum-Seoul.html,Central Buddhist Museum
/Attraction_Review-g294197-d592524-Reviews-Korea_Military_Academy-Seoul.html,Korea Military Academy
/Attraction_Review-g294197-d9736432-Reviews-BK_Plastic_Surgery_Museum-Seoul.html,BK Plastic Surgery Museum
/Attraction_Review-g294197-d12238654-Reviews-Lotte_Mall_Eunpyeong-Seoul.html,Lotte Mall Eunpyeong
/Attraction_Review-g294197-d9997012-Reviews-Manhae_Han_Young_Un_Simujang-Seoul.html,Manhae Han Young Un Simujang
/Attraction_Review-g294197-d9586394-Reviews-Daehan_Empire_Historical_Museum-Seoul.html,Daehan Empire Historical Museum
/Attraction_Review-g294197-d4094815-Reviews-Alpha_Gallery-Seoul.html,Alpha Gallery
/Attraction_Review-g294197-d13086792-Reviews-Umyeonsan_Mountain-Seoul.html,Umyeonsan Mountain
/Attraction_Review-g294197-d12499622-Reviews-Baekbeom_Plaza-Seoul.html,Baekbeom Plaza
/Attraction_Review-g294197-d15674964-Reviews-Cheongha_Korea_Ginseng_Museum-Seoul.html,Cheongha Korea Ginseng Museum
/Attraction_Review-g294197-d13123227-Reviews-Jangchung_Arena-Seoul.html,Jangchung Arena
/Attraction_Review-g294197-d7060833-Reviews-Kyung_In_Museum_of_Fine_Art-Seoul.html,Kyung-In Museum of Fine Art
/Attraction_Review-g294197-d4798677-Reviews-Choonwondang_Museum_of_Korean_Medicine-Seoul.html,Choonwondang Museum of Korean Medicine
/Attraction_Review-g294197-d17382696-Reviews-Bonghwasan_Mountain-Seoul.html,Bonghwasan Mountain
/Attraction_Review-g294197-d14108995-Reviews-Surak_Mountain-Seoul.html,Surak Mountain
/Attraction_Review-g294197-d12986922-Reviews-Sogongdong_Underground_Shopping_Center-Seoul.html,Sogongdong Underground Shopping Center
/Attraction_Review-g294197-d3808276-Reviews-Hyehwamun_Gate_Honghwamun-Seoul.html,Hyehwamun Gate (Honghwamun)
/Attraction_Review-g294197-d1735171-Reviews-Mesa-Seoul.html,Mesa
/Attraction_Review-g294197-d3808298-Reviews-Horim_Museum_Sinsa-Seoul.html,Horim Museum (Sinsa)
/Attraction_Review-g294197-d7060838-Reviews-Cheonggyecheon_Museum-Seoul.html,Cheonggyecheon Museum
/Attraction_Review-g294197-d13155689-Reviews-Statue_of_Peace-Seoul.html,Statue of Peace
/Attraction_Review-g294197-d6197433-Reviews-National_Museum_of_Art_Deoksugung-Seoul.html,"National Museum of Art, Deoksugung"
/Attraction_Review-g294197-d7891934-Reviews-Sungkok_Art_Museum-Seoul.html,Sungkok Art Museum
/Attraction_Review-g294197-d7891939-Reviews-Seonyugyo_Bridge-Seoul.html,Seonyugyo Bridge
/Attraction_Review-g294197-d8019604-Reviews-Seodaemun_Independence_Park-Seoul.html,Seodaemun Independence Park
/Attraction_Review-g294197-d3805632-Reviews-Ahyeondong_Wedding_Street-Seoul.html,Ahyeondong Wedding Street
/Attraction_Review-g294197-d14774067-Reviews-Seokhojeong-Seoul.html,Seokhojeong
/Attraction_Review-g294197-d2341870-Reviews-Lock_Museum-Seoul.html,Lock Museum
/Attraction_Review-g294197-d12496146-Reviews-Yoon_s_Color-Seoul.html,Yoon's Color
/Attraction_Review-g294197-d4440129-Reviews-Yesuli_Jeondang_Operahouse_Jayu_Sokukjang-Seoul.html,Yesuli Jeondang Operahouse Jayu Sokukjang
/Attraction_Review-g294197-d12881807-Reviews-Nanjicheon_Park-Seoul.html,Nanjicheon Park
/Attraction_Review-g294197-d14987459-Reviews-OGN_E_Sport_Stadium-Seoul.html,OGN E-Sport Stadium
/Attraction_Review-g294197-d4211969-Reviews-Ujeongchongguk-Seoul.html,Ujeongchongguk
/Attraction_Review-g294197-d17341223-Reviews-K_Museum_Of_Contemporary_Art-Seoul.html,K Museum Of Contemporary Art
/Attraction_Review-g294197-d13954612-Reviews-Seongnae_dong_Octopus_Street-Seoul.html,Seongnae-dong Octopus Street
/Attraction_Review-g294197-d1862195-Reviews-The_Museum_of_Korean_Embroidery-Seoul.html,The Museum of Korean Embroidery
/Attraction_Review-g294197-d3805561-Reviews-Chungdong_Church-Seoul.html,Chungdong Church
/Attraction_Review-g294197-d4798694-Reviews-Mokin_Museum-Seoul.html,Mokin Museum
/Attraction_Review-g294197-d3805602-Reviews-Heolleung_Illeung-Seoul.html,Heolleung / Illeung
/Attraction_Review-g294197-d4094871-Reviews-Gallery_We-Seoul.html,Gallery We
/Attraction_Review-g294197-d3805418-Reviews-Tteok_and_Kitchen_Utensil_Museum-Seoul.html,Tteok and Kitchen Utensil Museum
/Attraction_Review-g294197-d4798630-Reviews-Seoul_Fashion_Center-Seoul.html,Seoul Fashion Center
/Attraction_Review-g294197-d12134415-Reviews-Gyeonggyojang-Seoul.html,Gyeonggyojang
/Attraction_Review-g294197-d7353801-Reviews-Son_Kee_Chung_Memorial_Hall-Seoul.html,Son Kee Chung Memorial Hall
/Attraction_Review-g294197-d4438686-Reviews-Gangdong_Public_Library-Seoul.html,Gangdong Public Library
/Attraction_Review-g294197-d7891933-Reviews-Hakgojae_Gallery-Seoul.html,Hakgojae Gallery
/Attraction_Review-g294197-d3805413-Reviews-Museum_of_Traditional_Korean_Music-Seoul.html,Museum of Traditional Korean Music
/Attraction_Review-g294197-d3313698-Reviews-T_um_SK_telecom_Ubiquitous_Museum-Seoul.html,T.um - SK telecom Ubiquitous Museum
/Attraction_Review-g294197-d14021823-Reviews-Waryongmyo_Shrine-Seoul.html,Waryongmyo Shrine
/Attraction_Review-g294197-d4427533-Reviews-Hanwon_Museum_of_Art-Seoul.html,Hanwon Museum of Art
/Attraction_Review-g294197-d7891673-Reviews-Ilmin_Museum_of_Art-Seoul.html,Ilmin Museum of Art
/Attraction_Review-g294197-d3805557-Reviews-Robot_Museum-Seoul.html,Robot Museum
/Attraction_Review-g294197-d11850082-Reviews-Bukchon_Traditional_Culture_Center-Seoul.html,Bukchon Traditional Culture Center
/Attraction_Review-g294197-d4798608-Reviews-Insa_Art_Center-Seoul.html,Insa Art Center
/Attraction_Review-g294197-d4798567-Reviews-Kukje_Gallery-Seoul.html,Kukje Gallery
/Attraction_Review-g294197-d14112773-Reviews-Moraenae_Market-Seoul.html,Moraenae Market
/Attraction_Review-g294197-d10779009-Reviews-Gwanghuimun_Gate-Seoul.html,Gwanghuimun Gate
/Attraction_Review-g294197-d10447913-Reviews-Dongdaemun_History_Museum_1398-Seoul.html,Dongdaemun History Museum 1398
/Attraction_Review-g294197-d15512922-Reviews-Gyeongnidan_gil_Road-Seoul.html,Gyeongnidan-gil Road
/Attraction_Review-g294197-d12948626-Reviews-Itaewon_Children_s_Park-Seoul.html,Itaewon Children's Park
/Attraction_Review-g294197-d10130671-Reviews-Hagajae_Museum-Seoul.html,Hagajae Museum
/Attraction_Review-g294197-d7154853-Reviews-Gwanghuidong_Central_Asia_Street-Seoul.html,Gwanghuidong Central Asia Street
/Attraction_Review-g294197-d7891945-Reviews-Hi_Brand_Premium_Outlet-Seoul.html,Hi Brand Premium Outlet
/Attraction_Review-g294197-d3313701-Reviews-Baeksasil_Valley-Seoul.html,Baeksasil Valley
/Attraction_Review-g294197-d4096220-Reviews-Imun_Sports_Culture_Center-Seoul.html,Imun Sports & Culture Center
/Attraction_Review-g294197-d14101026-Reviews-Jongno_Catholic_Church-Seoul.html,Jongno Catholic Church
/Attraction_Review-g294197-d4798618-Reviews-The_Museum_of_Photography-Seoul.html,The Museum of Photography
/Attraction_Review-g294197-d3805459-Reviews-Hansangsoo_Embroidery_Museum-Seoul.html,Hansangsoo Embroidery Museum
/Attraction_Review-g294197-d14064107-Reviews-Popcond_Square-Seoul.html,Popcond Square
/Attraction_Review-g294197-d4798825-Reviews-Woori_Financial_Art_Hall-Seoul.html,Woori Financial Art Hall
/Attraction_Review-g294197-d4095498-Reviews-Samjeondobi-Seoul.html,Samjeondobi
/Attraction_Review-g294197-d13794376-Reviews-Templestay_Information_Center-Seoul.html,Templestay Information Center
/Attraction_Review-g294197-d8591974-Reviews-Yeonghwasa_Temple-Seoul.html,Yeonghwasa Temple
/Attraction_Review-g294197-d10686434-Reviews-Guro_Market-Seoul.html,Guro Market
/Attraction_Review-g294197-d16667341-Reviews-Korea_Post-Seoul.html,Korea Post
/Attraction_Review-g294197-d9587015-Reviews-Mapodaegyo_Bridge-Seoul.html,Mapodaegyo Bridge
/Attraction_Review-g294197-d16821676-Reviews-Bukhansan_Dullegil-Seoul.html,Bukhansan Dullegil
/Attraction_Review-g294197-d17450179-Reviews-Seoul_Rose_Park-Seoul.html,Seoul Rose Park
/Attraction_Review-g294197-d17642678-Reviews-Jeon_Tail_Memorial-Seoul.html,Jeon Tail Memorial
/Attraction_Review-g294197-d8627561-Reviews-Museum_Kimchikan-Seoul.html,Museum Kimchikan
/Attraction_Review-g294197-d4095679-Reviews-Sayookshin_Park-Seoul.html,Sayookshin Park
/Attraction_Review-g294197-d14975451-Reviews-Dongdaemun_History_Museum-Seoul.html,Dongdaemun History Museum
/Attraction_Review-g294197-d17602725-Reviews-Banghagcheon_Culture_Art_Street-Seoul.html,Banghagcheon Culture Art Street
/Attraction_Review-g294197-d7738848-Reviews-Dibo_Village-Seoul.html,Dibo Village
/Attraction_Review-g294197-d15106595-Reviews-Yongma_Pokpo_Gongwon-Seoul.html,Yongma Pokpo Gongwon
/Attraction_Review-g294197-d4096223-Reviews-Namsan_Town_Culture_Sports_Center-Seoul.html,Namsan Town Culture Sports Center
/Attraction_Review-g294197-d3349619-Reviews-World_Jewellery_Museum-Seoul.html,World Jewellery Museum
/Attraction_Review-g294197-d1723779-Reviews-Sonin_Plaza-Seoul.html,Sonin Plaza
/Attraction_Review-g294197-d16821795-Reviews-Under_Stand_Avenue-Seoul.html,Under Stand Avenue
/Attraction_Review-g294197-d14455910-Reviews-Hwanghakjeong_Archery_Field-Seoul.html,Hwanghakjeong Archery Field
/Attraction_Review-g294197-d16657331-Reviews-Iumpium-Seoul.html,Iumpium
/Attraction_Review-g294197-d12587887-Reviews-Yeoksam_Catholic_Church-Seoul.html,Yeoksam Catholic Church
/Attraction_Review-g294197-d15017010-Reviews-Gwangnaru_Hangang_Park-Seoul.html,Gwangnaru Hangang Park
/Attraction_Review-g294197-d13155680-Reviews-Statue_of_Peace-Seoul.html,Statue of Peace
/Attraction_Review-g294197-d7892016-Reviews-Ttukseom_Flea_Market-Seoul.html,Ttukseom Flea Market
/Attraction_Review-g294197-d13148399-Reviews-Statue_of_Peace-Seoul.html,Statue of Peace
/Attraction_Review-g294197-d3805580-Reviews-Gansong_Art_Museum-Seoul.html,Gansong Art Museum
/Attraction_Review-g294197-d8123881-Reviews-Gangbook_Culture_Information_Library-Seoul.html,Gangbook Culture Information Library
/Attraction_Review-g294197-d7987806-Reviews-Seosomun_Park-Seoul.html,Seosomun Park
/Attraction_Review-g294197-d592441-Reviews-4_19_Memorial_Cemetery-Seoul.html,4.19 Memorial Cemetery
/Attraction_Review-g294197-d15032110-Reviews-Hyochang_Park-Seoul.html,Hyochang Park
/Attraction_Review-g294197-d7264189-Reviews-Saenamteo_Catholic_Holy_Place_of_the_Martyrs-Seoul.html,Saenamteo Catholic Holy Place of the Martyrs
/Attraction_Review-g294197-d10625757-Reviews-Myungsung_Presbyterian_Church-Seoul.html,Myungsung Presbyterian Church
/Attraction_Review-g294197-d7891981-Reviews-Kim_Chong_Yung_Museum-Seoul.html,Kim Chong Yung Museum
/Attraction_Review-g294197-d14112185-Reviews-Shinheung_Market-Seoul.html,Shinheung Market
/Attraction_Review-g294197-d17674351-Reviews-Gongpyeong_Historic_Sites_Museum-Seoul.html,Gongpyeong Historic Sites Museum
/Attraction_Review-g294197-d592509-Reviews-Postal_Museum-Seoul.html,Postal Museum
/Attraction_Review-g294197-d7891919-Reviews-E_Sports_Stadium-Seoul.html,e-Sports Stadium
/Attraction_Review-g294197-d15674714-Reviews-Sinchon_Boxquare-Seoul.html,Sinchon Boxquare
/Attraction_Review-g294197-d6197467-Reviews-Sudoguksan_Museum_of_Housing_and_Living-Seoul.html,Sudoguksan Museum of Housing and Living
/Attraction_Review-g294197-d2392950-Reviews-JN_Shopping_Mall-Seoul.html,JN Shopping Mall
/Attraction_Review-g294197-d7891834-Reviews-Riverview_8th_Avenue-Seoul.html,Riverview 8th Avenue
/Attraction_Review-g294197-d13151875-Reviews-Statue_of_Peace-Seoul.html,Statue of Peace
/Attraction_Review-g294197-d4798571-Reviews-Yoon_Gallery-Seoul.html,Yoon Gallery
/Attraction_Review-g294197-d16737536-Reviews-Ui_Line-Seoul.html,Ui Line
/Attraction_Review-g294197-d10848089-Reviews-Sungkyunkwan_University-Seoul.html,Sungkyunkwan University
/Attraction_Review-g294197-d18995327-Reviews-Yongmasan-Seoul.html,Yongmasan
/Attraction_Review-g294197-d4427534-Reviews-Plateao-Seoul.html,Plateao
/Attraction_Review-g294197-d13956902-Reviews-Samo_Bawi-Seoul.html,Samo Bawi
/Attraction_Review-g294197-d7154824-Reviews-Daelim_Traditional_Market-Seoul.html,Daelim Traditional Market
/Attraction_Review-g294197-d6732940-Reviews-Bittarae-Seoul.html,Bittarae
/Attraction_Review-g294197-d15187622-Reviews-Solbat_Neighborhood_Park-Seoul.html,Solbat Neighborhood Park
/Attraction_Review-g294197-d15837736-Reviews-Yongsan_Park_Gallery-Seoul.html,Yongsan Park Gallery
/Attraction_Review-g294197-d12657697-Reviews-Yangcheon_Hyanggyo-Seoul.html,Yangcheon Hyanggyo
/Attraction_Review-g294197-d13155667-Reviews-Statue_of_Peace-Seoul.html,Statue of Peace
/Attraction_Review-g294197-d4798681-Reviews-The_Korean_National_Police_Heritage_Museum-Seoul.html,The Korean National Police Heritage Museum
/Attraction_Review-g294197-d13151759-Reviews-Statue_of_Peace-Seoul.html,Statue of Peace
/Attraction_Review-g294197-d592518-Reviews-Korean_Customs_Museum-Seoul.html,Korean Customs Museum
/Attraction_Review-g294197-d16855361-Reviews-Hadong_Plum_Street-Seoul.html,Hadong Plum Street
/Attraction_Review-g294197-d14015599-Reviews-Pungnaptoseong_Fortress-Seoul.html,Pungnaptoseong Fortress
/Attraction_Review-g294197-d13860017-Reviews-Yeongchwisa-Seoul.html,Yeongchwisa
/Attraction_Review-g294197-d4438687-Reviews-Segok_Munhwa_Center-Seoul.html,Segok Munhwa Center
/Attraction_Review-g294197-d12459280-Reviews-Citistar_Mall-Seoul.html,Citistar Mall
/Attraction_Review-g294197-d8591663-Reviews-Dongyang_Art_Center-Seoul.html,Dongyang Art Center
/Attraction_Review-g294197-d4094846-Reviews-Yehwarang-Seoul.html,Yehwarang
/Attraction_Review-g294197-d3805424-Reviews-Yeonghuiwon_Sunginwon-Seoul.html,Yeonghuiwon & Sunginwon
/Attraction_Review-g294197-d7891907-Reviews-POSCO_Art_Museum-Seoul.html,POSCO Art Museum
/Attraction_Review-g294197-d4798676-Reviews-Jong_Ie_Nara_Paper_Art_Museum-Seoul.html,Jong Ie Nara Paper Art Museum
/Attraction_Review-g294197-d15032129-Reviews-Dalmaji_Neighborhood_Park-Seoul.html,Dalmaji Neighborhood Park
/Attraction_Review-g294197-d592492-Reviews-Shinhan_Museum-Seoul.html,Shinhan Museum
/Attraction_Review-g294197-d8317410-Reviews-Wonseo_Park-Seoul.html,Wonseo Park
/Attraction_Review-g294197-d17414698-Reviews-Dae_Oh_Bookstore-Seoul.html,Dae Oh Bookstore
/Attraction_Review-g294197-d17766445-Reviews-Seoul_Science_Park-Seoul.html,Seoul Science Park
/Attraction_Review-g294197-d4094834-Reviews-Gallery_The_Space-Seoul.html,Gallery The Space
/Attraction_Review-g294197-d4096206-Reviews-Donahm_Moonhwa_Sports_Center-Seoul.html,Donahm Moonhwa Sports Center
/Attraction_Review-g294197-d2041647-Reviews-Lotte_World_Art_Theater-Seoul.html,Lotte World Art Theater
/Attraction_Review-g294197-d15213159-Reviews-Daehangno_Maru_Art_Hall-Seoul.html,Daehangno Maru Art Hall
/Attraction_Review-g294197-d14108530-Reviews-Youngnak_Church-Seoul.html,Youngnak Church
/Attraction_Review-g294197-d4798598-Reviews-Kwanhoon_Gallery-Seoul.html,Kwanhoon Gallery
/Attraction_Review-g294197-d13152278-Reviews-Statue_of_Peace-Seoul.html,Statue of Peace
/Attraction_Review-g294197-d13152119-Reviews-Statue_of_Peace-Seoul.html,Statue of Peace
/Attraction_Review-g294197-d13152142-Reviews-Statue_of_Peace-Seoul.html,Statue of Peace
/Attraction_Review-g294197-d16855391-Reviews-Salgoji_Bridge-Seoul.html,Salgoji Bridge
/Attraction_Review-g294197-d13147874-Reviews-Statue_of_Peace-Seoul.html,Statue of Peace
/Attraction_Review-g294197-d14975672-Reviews-Dongdaemun_Stadium_Memorial-Seoul.html,Dongdaemun Stadium Memorial
/Attraction_Review-g294197-d13688351-Reviews-House_of_Go_Hui_dong-Seoul.html,House of Go Hui-dong
/Attraction_Review-g294197-d17382680-Reviews-Everland_Speedway_Circuit-Seoul.html,Everland Speedway Circuit
/Attraction_Review-g294197-d8262102-Reviews-Simsimheon-Seoul.html,Simsimheon
/Attraction_Review-g294197-d4798574-Reviews-Trunk_Gallery-Seoul.html,Trunk Gallery
/Attraction_Review-g294197-d13147833-Reviews-Statue_of_Peace-Seoul.html,Statue of Peace
/Attraction_Review-g294197-d16661010-Reviews-Statue_of_Peace-Seoul.html,Statue of Peace
/Attraction_Review-g294197-d15198187-Reviews-Seokgulam-Seoul.html,Seokgulam
/Attraction_Review-g294197-d16661040-Reviews-Statue_of_Peace-Seoul.html,Statue of Peace
/Attraction_Review-g294197-d8077234-Reviews-Dobong_Culture_Information_Library-Seoul.html,Dobong Culture Information Library
/Attraction_Review-g294197-d10686449-Reviews-Namguro_Market-Seoul.html,Namguro Market
/Attraction_Review-g294197-d13152481-Reviews-Statue_of_Peace-Seoul.html,Statue of Peace
/Attraction_Review-g294197-d4438706-Reviews-Gepo2_Munhwa_Center-Seoul.html,Gepo2 Munhwa Center
/Attraction_Review-g294197-d4427662-Reviews-Bonsai_Museum-Seoul.html,Bonsai Museum
/Attraction_Review-g294197-d7892528-Reviews-K_Pop_Music_Exhibition_Hall-Seoul.html,K-Pop Music Exhibition Hall
/Attraction_Review-g294197-d15592744-Reviews-Cheongdam_Samik_Market-Seoul.html,Cheongdam Samik Market
/Attraction_Review-g294197-d14147985-Reviews-Okin_Church-Seoul.html,Okin Church
/Attraction_Review-g294197-d15016407-Reviews-Gwangnaru_Hangang_Park_Outdoor_Swimming_Pool-Seoul.html,Gwangnaru Hangang Park Outdoor Swimming Pool
/Attraction_Review-g294197-d17547018-Reviews-Ichon_Han_River_Park-Seoul.html,Ichon Han River Park
/Attraction_Review-g294197-d13151896-Reviews-Statue_of_Peace-Seoul.html,Statue of Peace
/Attraction_Review-g294197-d17426959-Reviews-Bubryunsa-Seoul.html,Bubryunsa
/Attraction_Review-g294197-d4094942-Reviews-Guro_Art_Valley-Seoul.html,Guro Art Valley
/Attraction_Review-g294197-d13990280-Reviews-Kangfull_Comics_Street-Seoul.html,Kangfull Comics Street
/Attraction_Review-g294197-d12145557-Reviews-Arko_Art_Center-Seoul.html,Arko Art Center
/Attraction_Review-g294197-d18970240-Reviews-Statue_of_Peace-Seoul.html,Statue of Peace
/Attraction_Review-g294197-d18970249-Reviews-Statue_of_Peace-Seoul.html,Statue of Peace
/Attraction_Review-g294197-d18919744-Reviews-Hongjecheon_Artificial_Waterfall-Seoul.html,Hongjecheon Artificial Waterfall
/Attraction_Review-g294197-d15853246-Reviews-Namdaemun_Undeground_Shopping_Center-Seoul.html,Namdaemun Undeground Shopping Center
/Attraction_Review-g294197-d16661024-Reviews-Statue_of_Peace-Seoul.html,Statue of Peace
/Attraction_Review-g294197-d7892121-Reviews-Seoul_Yangnyeongsi_Herb_Medicine_Museum-Seoul.html,Seoul Yangnyeongsi Herb Medicine Museum
/Attraction_Review-g294197-d3805584-Reviews-Ihwajang_House-Seoul.html,Ihwajang House
/Attraction_Review-g294197-d4798687-Reviews-Bona_Museum_Gallery-Seoul.html,Bona Museum/Gallery
/Attraction_Review-g294197-d7892011-Reviews-Gildong_Ecological_Park-Seoul.html,Gildong Ecological Park
/Attraction_Review-g294197-d15603703-Reviews-Samcheonsa-Seoul.html,Samcheonsa
/Attraction_Review-g294197-d7892131-Reviews-Seoseoul_Lake_Park-Seoul.html,Seoseoul Lake Park
/Attraction_Review-g294197-d3805397-Reviews-Gyujanggak_Library_of_Seoul_National_University-Seoul.html,Gyujanggak Library of Seoul National University
/Attraction_Review-g294197-d3821647-Reviews-Kokdu_Museum-Seoul.html,Kokdu Museum
/Attraction_Review-g294197-d4427650-Reviews-Ultra_Architecture_Museum-Seoul.html,Ultra Architecture Museum
/Attraction_Review-g294197-d17427314-Reviews-Hongik_University_Tourist_Information_Center-Seoul.html,Hongik University Tourist Information Center
/Attraction_Review-g294197-d4094797-Reviews-Gallery_Arario_Seoul-Seoul.html,Gallery Arario Seoul
/Attraction_Review-g294197-d4096207-Reviews-Yongsangoo_Moonhwa_Chaeyook_Center-Seoul.html,Yongsangoo Moonhwa Chaeyook Center
/Attraction_Review-g294197-d15079467-Reviews-Sungkyun_Theater-Seoul.html,Sungkyun Theater
/Attraction_Review-g294197-d3805419-Reviews-Museum_of_Korean_Art-Seoul.html,Museum of Korean Art
/Attraction_Review-g294197-d4798686-Reviews-Korean_Film_Archive-Seoul.html,Korean Film Archive
/Attraction_Review-g294197-d19093526-Reviews-KEPCO_Art_Center-Seoul.html,KEPCO Art Center
/Attraction_Review-g294197-d3805624-Reviews-Bukchon_Museum_Old_Fragrance-Seoul.html,Bukchon Museum Old Fragrance
/Attraction_Review-g294197-d3805417-Reviews-Coreana_Art_Culture_Complex-Seoul.html,Coreana Art & Culture Complex
/Attraction_Review-g294197-d4094927-Reviews-Gallery_Luminarie-Seoul.html,Gallery Luminarie
/Attraction_Review-g294197-d13222799-Reviews-Mok_Eun_Seonsaeng_Shrine-Seoul.html,Mok Eun Seonsaeng Shrine
/Attraction_Review-g294197-d17412135-Reviews-Bokwangsa-Seoul.html,Bokwangsa
/Attraction_Review-g294197-d15686792-Reviews-Y_Z_Park_Hongdae-Seoul.html,Y'Z Park - Hongdae
/Attraction_Review-g294197-d2483960-Reviews-Susubori_Academy-Seoul.html,Susubori Academy
/Attraction_Review-g294197-d14148633-Reviews-Namdaemun_Community_Lounge-Seoul.html,Namdaemun Community Lounge
/Attraction_Review-g294197-d13553491-Reviews-Jongno_Public_Relations_Hall-Seoul.html,Jongno Public Relations Hall
/Attraction_Review-g294197-d17477375-Reviews-Daerim_Central_Market-Seoul.html,Daerim Central Market
/Attraction_Review-g294197-d4094818-Reviews-Dongduk_Art_Gallery-Seoul.html,Dongduk Art Gallery
/Attraction_Review-g294197-d13798962-Reviews-China_Cultural_Center-Seoul.html,China Cultural Center
/Attraction_Review-g294197-d12447861-Reviews-Jonggak_Basement_Shopping_Center-Seoul.html,Jonggak Basement Shopping Center
/Attraction_Review-g294197-d3957021-Reviews-Asian_Art_Museum-Seoul.html,Asian Art Museum
/Attraction_Review-g294197-d17713840-Reviews-Songpa_Tourist_Information_Center-Seoul.html,Songpa Tourist Information Center
/Attraction_Review-g294197-d7891916-Reviews-Arko_Arts_Theater-Seoul.html,Arko Arts Theater
/Attraction_Review-g294197-d4094879-Reviews-Gallery_La_Mer-Seoul.html,Gallery La Mer
/Attraction_Review-g294197-d6941864-Reviews-Seoul_Namsan_Traditional_Theater-Seoul.html,Seoul Namsan Traditional Theater
/Attraction_Review-g294197-d4094800-Reviews-Gallery_KONG-Seoul.html,Gallery KONG
/Attraction_Review-g294197-d19102907-Reviews-Chungwoon_Literature_Library-Seoul.html,Chungwoon Literature Library
/Attraction_Review-g294197-d4095620-Reviews-Kyungwoon_Museum-Seoul.html,Kyungwoon Museum
/Attraction_Review-g294197-d7272329-Reviews-Horim_Museum_Sinsa-Seoul.html,Horim Museum Sinsa
/Attraction_Review-g294197-d4798827-Reviews-Olympus_Hall-Seoul.html,Olympus Hall
/Attraction_Review-g294197-d19055883-Reviews-Dinostar_Yongin-Seoul.html,Dinostar - Yongin
/Attraction_Review-g294197-d4438772-Reviews-Seoul_Education_Research_Information_Institute-Seoul.html,Seoul Education Research & Information Institute
/Attraction_Review-g294197-d592504-Reviews-Horim_Museum_Sillim-Seoul.html,Horim Museum Sillim
/Attraction_Review-g294197-d4438496-Reviews-Seoul_Art_Center_Gongpyeong_Gallery-Seoul.html,Seoul Art Center Gongpyeong Gallery
/Attraction_Review-g294197-d15573660-Reviews-Mangwonjeong_Pavilion_Site-Seoul.html,Mangwonjeong Pavilion Site
/Attraction_Review-g294197-d17837293-Reviews-Seonjeongneung-Seoul.html,Seonjeongneung
/Attraction_Review-g294197-d18192761-Reviews-Huwon-Seoul.html,Huwon
/Attraction_Review-g294197-d4427620-Reviews-Hwajeong_Museum-Seoul.html,Hwajeong Museum
/Attraction_Review-g294197-d4438517-Reviews-Woong_Gallery-Seoul.html,Woong Gallery
/Attraction_Review-g294197-d15850221-Reviews-Eunpyeong_History_Hanok_Museum-Seoul.html,Eunpyeong History Hanok Museum
/Attraction_Review-g294197-d17395042-Reviews-Seung_Gasa_Temple-Seoul.html,Seung-Gasa Temple
/Attraction_Review-g294197-d8077812-Reviews-Gangnam_Arthall-Seoul.html,Gangnam Arthall
/Attraction_Review-g294197-d10620641-Reviews-Jeon_Gak_Gallery-Seoul.html,Jeon-Gak Gallery
/Attraction_Review-g294197-d17427082-Reviews-Unjongga-Seoul.html,Unjongga
/Attraction_Review-g294197-d4095605-Reviews-Park_Eul_Bok_Embroidery_Museum-Seoul.html,Park Eul Bok Embroidery Museum
/Attraction_Review-g294197-d3954463-Reviews-Sinchon_Museum_of_American_War_Atrocities-Seoul.html,Sinchon Museum of American War Atrocities
/Attraction_Review-g294197-d4095656-Reviews-The_Korea_Museum_of_Modern_Costume-Seoul.html,The Korea Museum of Modern Costume
/Attraction_Review-g294197-d4094957-Reviews-Gallery_Sabina-Seoul.html,Gallery Sabina
/Attraction_Review-g294197-d4095644-Reviews-Tibet_Museum-Seoul.html,Tibet Museum
/Attraction_Review-g294197-d4068112-Reviews-Andong_Soju_Traditional_Food_Museum-Seoul.html,Andong Soju Traditional Food Museum
/Attraction_Review-g294197-d7892033-Reviews-Banghakdong_Goblin_Market-Seoul.html,Banghakdong Goblin Market
/Attraction_Review-g294197-d12673929-Reviews-Soaknu_Pavillion-Seoul.html,Soaknu Pavillion
/Attraction_Review-g294197-d10388757-Reviews-Bukhansanseong_Visitor_Center-Seoul.html,Bukhansanseong Visitor Center
/Attraction_Review-g294197-d12118155-Reviews-Open_Hall-Seoul.html,Open Hall
/Attraction_Review-g294197-d17227558-Reviews-Jungdok_Public_Library-Seoul.html,Jungdok Public Library
/Attraction_Review-g294197-d17689645-Reviews-Hongnanpa_Gaok-Seoul.html,Hongnanpa Gaok
/Attraction_Review-g294197-d17427069-Reviews-Itaewon_Tourist_Information_Center_Itaewon_Station-Seoul.html,Itaewon Tourist Information Center (Itaewon Station)
/Attraction_Review-g294197-d7891913-Reviews-Nanji_Art_Studio-Seoul.html,Nanji Art Studio
/Attraction_Review-g294197-d4427657-Reviews-Seangmyeong_Gwahak_Cheheom_Bakmulgwan-Seoul.html,Seangmyeong Gwahak Cheheom Bakmulgwan
/Attraction_Review-g294197-d4427520-Reviews-Seongbuk_Museum_of_Art-Seoul.html,Seongbuk Museum of Art
/Attraction_Review-g294197-d17689634-Reviews-Seoul_Education_Museum-Seoul.html,Seoul Education Museum
/Attraction_Review-g294197-d4427612-Reviews-Modern_Design_Museum-Seoul.html,Modern Design Museum
/Attraction_Review-g294197-d3805545-Reviews-Myeongin_Museum-Seoul.html,Myeongin Museum
/Attraction_Review-g294197-d11879406-Reviews-Insadong_Tourist_Information_Center-Seoul.html,Insadong Tourist Information Center
/Attraction_Review-g294197-d1772732-Reviews-Korea_Local_Information_Center-Seoul.html,Korea Local Information Center
/Attraction_Review-g294197-d4067949-Reviews-Artsonje_Center-Seoul.html,Artsonje Center
/Attraction_Review-g294197-d4427661-Reviews-Gallery_Hyundae-Seoul.html,Gallery Hyundae
/Attraction_Review-g294197-d17816846-Reviews-Gwangtonggyo_Bridge-Seoul.html,Gwangtonggyo Bridge
/Attraction_Review-g294197-d15210009-Reviews-Geoyeo_Park-Seoul.html,Geoyeo Park
/Attraction_Review-g294197-d4094840-Reviews-Moin_Gallery-Seoul.html,Moin Gallery
/Attraction_Review-g294197-d17527697-Reviews-Japan_Foundation_for_International_Exchange_Seoul_Culture_Center-Seoul.html,Japan Foundation for International Exchange Seoul Culture Center
/Attraction_Review-g294197-d17765148-Reviews-Enter_6_Park_Avenue_Hanyang_University-Seoul.html,Enter 6 - Park Avenue Hanyang University
/Attraction_Review-g294197-d15101852-Reviews-Mongolia_Town-Seoul.html,Mongolia Town
/Attraction_Review-g294197-d592515-Reviews-Maruzon_Kimchi_Market-Seoul.html,Maruzon Kimchi Market
/Attraction_Review-g294197-d17838738-Reviews-Inwangsa_Temple-Seoul.html,Inwangsa Temple
/Attraction_Review-g294197-d4095668-Reviews-Korea_Alpine_Museum-Seoul.html,Korea Alpine Museum
/Attraction_Review-g294197-d17612400-Reviews-Itaewon_Bugundang-Seoul.html,Itaewon Bugundang
/Attraction_Review-g294197-d4094832-Reviews-Gallery_Now-Seoul.html,Gallery Now
/Attraction_Review-g294197-d4438637-Reviews-Ganbuk_Munhwa_Yesulhoekwan-Seoul.html,Ganbuk Munhwa Yesulhoekwan
/Attraction_Review-g294197-d12847901-Reviews-Mapo_Community_Welfare_Facility-Seoul.html,Mapo Community Welfare Facility
/Attraction_Review-g294197-d13086721-Reviews-House_of_Former_President_Choi_Kyu_hah-Seoul.html,House of Former President Choi Kyu-hah
/Attraction_Review-g294197-d4094887-Reviews-Art_Center_Nabi-Seoul.html,Art Center Nabi
/Attraction_Review-g294197-d14861067-Reviews-Seoul_Olympic_Exhibition_Hall-Seoul.html,Seoul Olympic Exhibition Hall
/Attraction_Review-g294197-d4068109-Reviews-Iron_Museum-Seoul.html,Iron Museum
/Attraction_Review-g294197-d3805589-Reviews-Uireung-Seoul.html,Uireung
/Attraction_Review-g294197-d7980918-Reviews-Dosan_Ahn_Chang_Ho_Memorial_Hall-Seoul.html,Dosan Ahn Chang Ho Memorial Hall
/Attraction_Review-g294197-d3805530-Reviews-Abraham_Park_Kenneth_Vine_Collection_Museum-Seoul.html,Abraham Park Kenneth Vine Collection Museum
/Attraction_Review-g294197-d4798570-Reviews-Deokwon_Gallery-Seoul.html,Deokwon Gallery
/Attraction_Review-g294197-d8121809-Reviews-Korean_Magazine_Museum-Seoul.html,Korean Magazine Museum
/Attraction_Review-g294197-d4095581-Reviews-Gyeomjae_Jeongseon_Memorial_Museum-Seoul.html,Gyeomjae Jeongseon Memorial Museum
/Attraction_Review-g294197-d4427674-Reviews-Tax_Museum-Seoul.html,Tax Museum
/Attraction_Review-g294197-d592517-Reviews-Total_Art_Museum-Seoul.html,Total Art Museum
/Attraction_Review-g294197-d7892561-Reviews-The_Museum_of_Korean_Medical_History-Seoul.html,The Museum of Korean Medical History
/Attraction_Review-g294197-d4798596-Reviews-Gallery_Art_Side-Seoul.html,Gallery Art Side
/Attraction_Review-g294197-d592442-Reviews-Achasan_Castle-Seoul.html,Achasan Castle
/Attraction_Review-g294197-d4095637-Reviews-Seok_Juseon_Memorial_Museum_Dankook_University-Seoul.html,"Seok Juseon Memorial Museum, Dankook University"
/Attraction_Review-g294197-d4798548-Reviews-Tiovivo_Shindorim_Store-Seoul.html,Tiovivo Shindorim Store
/Attraction_Review-g294197-d8077020-Reviews-Gallery_Ihn-Seoul.html,Gallery Ihn
/Attraction_Review-g294197-d3805398-Reviews-Chojun_Textile_Quilt_Art_Museum-Seoul.html,Chojun Textile & Quilt Art Museum
/Attraction_Review-g294197-d4095493-Reviews-Mongchon_Museum_of_History-Seoul.html,Mongchon Museum of History
/Attraction_Review-g294197-d7891989-Reviews-The_Memorial_to_the_Patriot_Yun_Bonggil-Seoul.html,The Memorial to the Patriot Yun Bonggil
/Attraction_Review-g294197-d4798569-Reviews-Gallery_Young-Seoul.html,Gallery Young
/Attraction_Review-g294197-d4798614-Reviews-Gallery_Simon-Seoul.html,Gallery Simon
/Attraction_Review-g294197-d4068006-Reviews-Daewonsa_Tibet_Museum-Seoul.html,Daewonsa Tibet Museum
/Attraction_Review-g294197-d4087589-Reviews-Gimpo_City_Hall-Seoul.html,Gimpo City Hall
/Attraction_Review-g294197-d8077024-Reviews-The_Gallery-Seoul.html,The Gallery
/Attraction_Review-g294197-d7891799-Reviews-Hongjimun_Gate_and_Tangchundaeseong_Fortress-Seoul.html,Hongjimun Gate and Tangchundaeseong Fortress
/Attraction_Review-g294197-d17427108-Reviews-40th_Anniversary_Monument_of_Gojong_s_Enthronement_In_Honor_Of_King_Gojong-Seoul.html,40th Anniversary Monument of Gojong’s Enthronement : In Honor Of King Gojong
/Attraction_Review-g294197-d17689621-Reviews-Chondogy_Jungang_Daegyodang-Seoul.html,Chondogy Jungang Daegyodang
/Attraction_Review-g294197-d8449230-Reviews-Nadeul_gil_Trail-Seoul.html,Nadeul-gil Trail
/Attraction_Review-g294197-d8121817-Reviews-Kyunghee_University_Natural_History_Museum-Seoul.html,Kyunghee University Natural History Museum
/Attraction_Review-g294197-d4798610-Reviews-Seoul_Olympic_Misulgwan-Seoul.html,Seoul Olympic Misulgwan
/Attraction_Review-g294197-d4095481-Reviews-The_Central_Museum_of_KyungHee_University-Seoul.html,The Central Museum of KyungHee University
/Attraction_Review-g294197-d19115983-Reviews-Seoul_Kimchi_Festival-Seoul.html,Seoul Kimchi Festival
/Attraction_Review-g294197-d19085959-Reviews-Hyundai_Motorstudio_Seoul-Seoul.html,Hyundai Motorstudio Seoul
/Attraction_Review-g294197-d18995353-Reviews-Saemaul_Traditional_Market-Seoul.html,Saemaul Traditional Market
/Attraction_Review-g294197-d18970042-Reviews-Amsa_Complex_Market-Seoul.html,Amsa Complex Market
/Attraction_Review-g294197-d18933441-Reviews-Seoul.html,돈의문 전시관
/Attraction_Review-g294197-d18919756-Reviews-Gwangnaru_Safety_Experience_Center-Seoul.html,Gwangnaru Safety Experience Center
/Attraction_Review-g294197-d18676970-Reviews-Yeongbulsa-Seoul.html,Yeongbulsa
/Attraction_Review-g294197-d18544171-Reviews-Museum_of_Japanese_Colonial_History_in_Korea-Seoul.html,Museum of Japanese Colonial History in Korea
/Attraction_Review-g294197-d18341268-Reviews-Bomunsa-Seoul.html,Bomunsa
/Attraction_Review-g294197-d18314398-Reviews-Seoullo_7017-Seoul.html,Seoullo 7017
/Attraction_Review-g294197-d18185581-Reviews-Seoul.html,훈련원공원
/Attraction_Review-g294197-d17838732-Reviews-V_Center-Seoul.html,V Center
/Attraction_Review-g294197-d17838725-Reviews-KSPO_DOME-Seoul.html,KSPO DOME
/Attraction_Review-g294197-d17822485-Reviews-Hakrimsa-Seoul.html,Hakrimsa
/Attraction_Review-g294197-d17822475-Reviews-Seongsu_Yeonbang-Seoul.html,Seongsu Yeonbang
/Attraction_Review-g294197-d17822438-Reviews-Zoolung_Zoolung_Time_Square-Seoul.html,Zoolung Zoolung - Time Square
/Attraction_Review-g294197-d17789603-Reviews-Donuimun_Showroom-Seoul.html,Donuimun Showroom
/Attraction_Review-g294197-d17779925-Reviews-Hanumul-Seoul.html,Hanumul
/Attraction_Review-g294197-d17713832-Reviews-Dalmasa-Seoul.html,Dalmasa
/Attraction_Review-g294197-d17713827-Reviews-Sangdo_Neighborhood_Park-Seoul.html,Sangdo Neighborhood Park
/Attraction_Review-g294197-d17623562-Reviews-Dooly_Museum-Seoul.html,Dooly Museum
/Attraction_Review-g294197-d17596496-Reviews-Gungsan_Underground_Cave-Seoul.html,Gungsan Underground Cave
/Attraction_Review-g294197-d17596349-Reviews-Dogok_Neighborhood_Park-Seoul.html,Dogok Neighborhood Park
/Attraction_Review-g294197-d17547077-Reviews-Guryeongsan-Seoul.html,Guryeongsan
/Attraction_Review-g294197-d17547047-Reviews-Yanghwa_Han_River_Park-Seoul.html,Yanghwa Han River Park
/Attraction_Review-g294197-d17547034-Reviews-Jamwon_Han_River_Park-Seoul.html,Jamwon Han River Park
/Attraction_Review-g294197-d17517431-Reviews-Sinlimdong_Sundae_Town-Seoul.html,Sinlimdong Sundae Town
/Attraction_Review-g294197-d17517030-Reviews-Jangchung_dong_Jokbal_Street-Seoul.html,Jangchung-dong Jokbal Street
/Attraction_Review-g294197-d17511959-Reviews-Suguksa-Seoul.html,Suguksa
/Attraction_Review-g294197-d17477378-Reviews-Suyu_Market-Seoul.html,Suyu Market
/Attraction_Review-g294197-d17477369-Reviews-Yeongdeungpo_Neighborhood_Park-Seoul.html,Yeongdeungpo Neighborhood Park
/Attraction_Review-g294197-d17461141-Reviews-Nadeuli_Neighborhood_Park-Seoul.html,Nadeuli Neighborhood Park
/Attraction_Review-g294197-d17461133-Reviews-Baebongsan_Neighborhood_Park-Seoul.html,Baebongsan Neighborhood Park
/Attraction_Review-g294197-d17461128-Reviews-Dapsimni_Neighborhood_Park-Seoul.html,Dapsimni Neighborhood Park
/Attraction_Review-g294197-d17450310-Reviews-Seoul_K_Medi_Center-Seoul.html,Seoul K-Medi Center
/Attraction_Review-g294197-d17450272-Reviews-SETEC-Seoul.html,SETEC
/Attraction_Review-g294197-d17450201-Reviews-Gongneungdong_Goblin_Market-Seoul.html,Gongneungdong Goblin Market
/Attraction_Review-g294197-d17450172-Reviews-Urim_Sijang-Seoul.html,Urim Sijang
/Attraction_Review-g294197-d17450168-Reviews-Dongbu_Sijang-Seoul.html,Dongbu Sijang
/Attraction_Review-g294197-d17450157-Reviews-Manguri_Park-Seoul.html,Manguri Park
/Attraction_Review-g294197-d17432334-Reviews-Maebong_Mountain_Park-Seoul.html,Maebong Mountain Park
/Attraction_Review-g294197-d17432300-Reviews-Eungbong_Park-Seoul.html,Eungbong Park
/Attraction_Review-g294197-d17424054-Reviews-Sinchon_Tourist_Information_Center-Seoul.html,Sinchon Tourist Information Center
/Attraction_Review-g294197-d17423892-Reviews-Shinsa_Neighborhood_Park-Seoul.html,Shinsa Neighborhood Park
/Attraction_Review-g294197-d17412126-Reviews-Cheonwang_Park-Seoul.html,Cheonwang Park
/Attraction_Review-g294197-d17382621-Reviews-Seoul_Trail-Seoul.html,Seoul Trail
/Attraction_Review-g294197-d16919908-Reviews-Toykino_Toy_Museum-Seoul.html,Toykino Toy Museum
/Attraction_Review-g294197-d16868156-Reviews-Segeomjeong-Seoul.html,Segeomjeong
/Attraction_Review-g294197-d16812160-Reviews-Anyangam-Seoul.html,Anyangam
/Attraction_Review-g294197-d16770376-Reviews-Beaker-Seoul.html,Beaker
/Attraction_Review-g294197-d16656495-Reviews-Pureun_Arboretum-Seoul.html,Pureun Arboretum
/Attraction_Review-g294197-d16644007-Reviews-Seoul_Hold_em-Seoul.html,Seoul Hold-em
/Attraction_Review-g294197-d15850194-Reviews-Hongjedong_Gaemimaeul-Seoul.html,Hongjedong Gaemimaeul
/Attraction_Review-g294197-d15745397-Reviews-Barakat_Seoul-Seoul.html,Barakat Seoul
/Attraction_Review-g294197-d15674936-Reviews-Geukjangpan-Seoul.html,Geukjangpan
/Attraction_Review-g294197-d15674808-Reviews-Berry_Mary-Seoul.html,Berry Mary
/Attraction_Review-g294197-d15612041-Reviews-Daemonsan_Mountain-Seoul.html,Daemonsan Mountain
/Attraction_Review-g294197-d15602003-Reviews-Kimhyunjoo_Gallery-Seoul.html,Kimhyunjoo Gallery
/Attraction_Review-g294197-d15224257-Reviews-BUXI-Seoul.html,BUXI
/Attraction_Review-g294197-d15198210-Reviews-Seoul_Amsadong_Ruins-Seoul.html,Seoul Amsadong Ruins
/Attraction_Review-g294197-d15130381-Reviews-Gaehwasan_Yaksasa-Seoul.html,Gaehwasan Yaksasa
/Attraction_Review-g294197-d15130362-Reviews-Gaehwasan-Seoul.html,Gaehwasan
/Attraction_Review-g294197-d15045938-Reviews-Salon_RIAH-Seoul.html,Salon RIAH
/Attraction_Review-g294197-d14997135-Reviews-Gin_Golang_Gyegok-Seoul.html,Gin Golang Gyegok
/Attraction_Review-g294197-d14450638-Reviews-Hoapsa-Seoul.html,Hoapsa
/Attraction_Review-g294197-d14445951-Reviews-Macheon_Market-Seoul.html,Macheon Market
/Attraction_Review-g294197-d14207678-Reviews-Seoul_Upcycling_Plaza-Seoul.html,Seoul Upcycling Plaza
/Attraction_Review-g294197-d13830194-Reviews-Hanmi_Gallery-Seoul.html,Hanmi Gallery
/Attraction_Review-g294197-d13476576-Reviews-Institute_of_Traditional_Korean_Food-Seoul.html,Institute of Traditional Korean Food
/Attraction_Review-g294197-d13123216-Reviews-Inhyeon_Market-Seoul.html,Inhyeon Market
/Attraction_Review-g294197-d12969107-Reviews-Famus_Ground-Seoul.html,Famus Ground
/Attraction_Review-g294197-d12511755-Reviews-Elephantspace-Seoul.html,Elephantspace
/Attraction_Review-g294197-d12404242-Reviews-Seojin_Artspace-Seoul.html,Seojin Artspace
/Attraction_Review-g294197-d11879686-Reviews-Hana_Art_Gallery-Seoul.html,Hana Art Gallery
/Attraction_Review-g294197-d11850483-Reviews-Insa_Art_Space-Seoul.html,Insa Art Space
/Attraction_Review-g294197-d11005533-Reviews-Cel_Stage-Seoul.html,Cel Stage
/Attraction_Review-g294197-d10766526-Reviews-Gallery_Marron-Seoul.html,Gallery Marron
/Attraction_Review-g294197-d10459546-Reviews-LetsRun_CCC_Walkerhill-Seoul.html,LetsRun CCC. Walkerhill
/Attraction_Review-g294197-d8591912-Reviews-Marronnier_Theater-Seoul.html,Marronnier Theater
/Attraction_Review-g294197-d8122048-Reviews-Seodaemun_Culture_Center-Seoul.html,Seodaemun Culture Center
/Attraction_Review-g294197-d8121857-Reviews-MIZ_Gallery-Seoul.html,MIZ Gallery
/Attraction_Review-g294197-d8121855-Reviews-Sanmyeong_Art_Center-Seoul.html,Sanmyeong Art Center
/Attraction_Review-g294197-d8120243-Reviews-Dobong_Children_s_Culture_and_Information_Library-Seoul.html,Dobong Children's Culture and Information Library
/Attraction_Review-g294197-d8084413-Reviews-Noam_Gallery-Seoul.html,Noam Gallery
/Attraction_Review-g294197-d8084411-Reviews-Horim_Art_Center-Seoul.html,Horim Art Center
/Attraction_Review-g294197-d8084009-Reviews-Gaja_Geukjang-Seoul.html,Gaja Geukjang
/Attraction_Review-g294197-d8084003-Reviews-Son_Gi_Jeong_Culture_Sports_Center-Seoul.html,Son Gi Jeong Culture Sports Center
/Attraction_Review-g294197-d8077004-Reviews-Daean_Gonggan_Roof-Seoul.html,Daean Gonggan Roof
/Attraction_Review-g294197-d7987168-Reviews-Sungdae_Takgu-Seoul.html,Sungdae Takgu
/Attraction_Review-g294197-d7987083-Reviews-Munhwailbo_Hall-Seoul.html,Munhwailbo Hall
/Attraction_Review-g294197-d7943156-Reviews-Seo_Gallery-Seoul.html,Seo Gallery
/Attraction_Review-g294197-d7939980-Reviews-Gallery_On-Seoul.html,Gallery On
/Attraction_Review-g294197-d7892128-Reviews-Namsan_Arts_Center-Seoul.html,Namsan Arts Center
/Attraction_Review-g294197-d7892025-Reviews-Bonghwanggak_Pavilion-Seoul.html,Bonghwanggak Pavilion
/Attraction_Review-g294197-d7891929-Reviews-Brain_Factory-Seoul.html,Brain Factory
/Attraction_Review-g294197-d7891915-Reviews-Toto_s_Nostalgia_Museum-Seoul.html,Toto's Nostalgia Museum
/Attraction_Review-g294197-d7891797-Reviews-Pyeongchang_dong_Gallery_Alley-Seoul.html,Pyeongchang-dong Gallery Alley
/Attraction_Review-g294197-d7154920-Reviews-Platoon_Kunsthalle-Seoul.html,Platoon Kunsthalle
/Attraction_Review-g294197-d6494454-Reviews-Paik_Haeyoung_Gallery-Seoul.html,Paik Haeyoung Gallery
/Attraction_Review-g294197-d6197456-Reviews-Dongjak_Munhwa_Bokji_Center-Seoul.html,Dongjak Munhwa Bokji Center
/Attraction_Review-g294197-d4798826-Reviews-Dongrang_Yesool_Center_Daegeukjang-Seoul.html,Dongrang Yesool Center Daegeukjang
/Attraction_Review-g294197-d4798824-Reviews-Hana_Takgoo-Seoul.html,Hana Takgoo
/Attraction_Review-g294197-d4798823-Reviews-Yangcheon_Gumin_Sports_Center-Seoul.html,Yangcheon Gumin Sports Center
/Attraction_Review-g294197-d4798822-Reviews-Bokji_Takgoojang-Seoul.html,Bokji Takgoojang
/Attraction_Review-g294197-d4798821-Reviews-Seongil_Moonhwa_Cheayook_Center-Seoul.html,Seongil Moonhwa Cheayook Center
/Attraction_Review-g294197-d4798820-Reviews-Songpa_Young_Takgu_Club-Seoul.html,Songpa Young Takgu Club
/Attraction_Review-g294197-d4798819-Reviews-Gwangjin_Takgoo_Gyosil-Seoul.html,Gwangjin Takgoo Gyosil
/Attraction_Review-g294197-d4798818-Reviews-National_Fitness_Center-Seoul.html,National Fitness Center
/Attraction_Review-g294197-d4798817-Reviews-Saejong_Takgoojang-Seoul.html,Saejong Takgoojang
/Attraction_Review-g294197-d4798810-Reviews-Nohwaja_Takgoo_Gyosil-Seoul.html,Nohwaja Takgoo Gyosil
/Attraction_Review-g294197-d4798726-Reviews-Paris_Park-Seoul.html,Paris Park
/Attraction_Review-g294197-d4798716-Reviews-Balbadak_Park-Seoul.html,Balbadak Park
/Attraction_Review-g294197-d4798707-Reviews-Moonhwa_Yesool_Park-Seoul.html,Moonhwa Yesool Park
/Attraction_Review-g294197-d4798706-Reviews-Toy_Kino_Museum-Seoul.html,Toy Kino Museum
/Attraction_Review-g294197-d4798705-Reviews-Woomjip_Teojeon_Shigwan-Seoul.html,Woomjip Teojeon Shigwan
/Attraction_Review-g294197-d4798701-Reviews-Yoogeum_Museum-Seoul.html,Yoogeum Museum
/Attraction_Review-g294197-d4798699-Reviews-Museum_of_Diplomacy-Seoul.html,Museum of Diplomacy
/Attraction_Review-g294197-d4798697-Reviews-Global_Village_Folk_Museum-Seoul.html,Global Village Folk Museum
/Attraction_Review-g294197-d4798695-Reviews-Seoulseoyebangmulgwan-Seoul.html,Seoulseoyebangmulgwan
/Attraction_Review-g294197-d4798691-Reviews-Mancheon_Gonchung_Bakmulgwan-Seoul.html,Mancheon Gonchung Bakmulgwan
/Attraction_Review-g294197-d4798685-Reviews-Gimdaljin_Misul_Jaryo_Bangmulgwan-Seoul.html,Gimdaljin Misul Jaryo Bangmulgwan
/Attraction_Review-g294197-d4798684-Reviews-Hanyang_University_Museum-Seoul.html,Hanyang University Museum
/Attraction_Review-g294197-d4798680-Reviews-Museum_of_Korea_Straw_and_Plants_Handicraft-Seoul.html,Museum of Korea Straw and Plants Handicraft
/Attraction_Review-g294197-d4798653-Reviews-Nongam_Oncheon_Leisure-Seoul.html,Nongam Oncheon Leisure
/Attraction_Review-g294197-d4798619-Reviews-Gallery_Focus-Seoul.html,Gallery Focus
/Attraction_Review-g294197-d4798616-Reviews-Milal_Misoolgwan-Seoul.html,Milal Misoolgwan
/Attraction_Review-g294197-d4798615-Reviews-Aso_Gallery-Seoul.html,Aso Gallery
/Attraction_Review-g294197-d4798612-Reviews-Gallery_Sodobi-Seoul.html,Gallery Sodobi
/Attraction_Review-g294197-d4798611-Reviews-Cheongdam_Gallery-Seoul.html,Cheongdam Gallery
/Attraction_Review-g294197-d4798609-Reviews-Urban_Art-Seoul.html,Urban Art
/Attraction_Review-g294197-d4798606-Reviews-Hanhwa_Galleria-Seoul.html,Hanhwa Galleria
/Attraction_Review-g294197-d4798605-Reviews-Shinhan_Art_Hall-Seoul.html,Shinhan Art Hall
/Attraction_Review-g294197-d4798602-Reviews-Rodeng_Gallery-Seoul.html,Rodeng Gallery
/Attraction_Review-g294197-d4798600-Reviews-Gallery_Sangmundang-Seoul.html,Gallery Sangmundang
/Attraction_Review-g294197-d4798597-Reviews-Gallery_Indeco-Seoul.html,Gallery Indeco
/Attraction_Review-g294197-d4798589-Reviews-Jongro_Gallery-Seoul.html,Jongro Gallery
/Attraction_Review-g294197-d4798588-Reviews-Gallery_Udeok-Seoul.html,Gallery Udeok
/Attraction_Review-g294197-d4798586-Reviews-Saejong_Gallery-Seoul.html,Saejong Gallery
/Attraction_Review-g294197-d4798585-Reviews-Catholic_Hwarang-Seoul.html,Catholic Hwarang
/Attraction_Review-g294197-d4798582-Reviews-Daboseong_Gallery-Seoul.html,Daboseong Gallery
/Attraction_Review-g294197-d4798573-Reviews-Yemaekhwarang-Seoul.html,Yemaekhwarang
/Attraction_Review-g294197-d4798572-Reviews-Line_Gallery-Seoul.html,Line Gallery
/Attraction_Review-g294197-d4798568-Reviews-Dream_Forest_Art_Center-Seoul.html,Dream Forest Art Center
/Attraction_Review-g294197-d4798566-Reviews-Cheongjakhwarang-Seoul.html,Cheongjakhwarang
/Attraction_Review-g294197-d4798564-Reviews-Gallery_Won-Seoul.html,Gallery Won
/Attraction_Review-g294197-d4798563-Reviews-Elise_Park-Seoul.html,Elise Park
/Attraction_Review-g294197-d4798562-Reviews-Yogiga-Seoul.html,Yogiga
/Attraction_Review-g294197-d4798561-Reviews-Gallery_Zandari-Seoul.html,Gallery Zandari
/Attraction_Review-g294197-d4798555-Reviews-Wonhwarang-Seoul.html,Wonhwarang
/Attraction_Review-g294197-d4798554-Reviews-V_Gallery-Seoul.html,V Gallery
/Attraction_Review-g294197-d4798552-Reviews-Cais_Gallery-Seoul.html,Cais Gallery
/Attraction_Review-g294197-d4798551-Reviews-Insa_Gallery-Seoul.html,Insa Gallery
/Attraction_Review-g294197-d4798550-Reviews-Galleria_IM_Art-Seoul.html,Galleria IM Art
/Attraction_Review-g294197-d4798547-Reviews-Chung_Won_San_Bang-Seoul.html,Chung Won San Bang
/Attraction_Review-g294197-d4747562-Reviews-Gallery_Through-Seoul.html,Gallery Through
/Attraction_Review-g294197-d4438779-Reviews-Gwanse_Bakmulkwan-Seoul.html,Gwanse Bakmulkwan
/Attraction_Review-g294197-d4438755-Reviews-Oh_Zemidong-Seoul.html,oh! Zemidong
/Attraction_Review-g294197-d4438742-Reviews-Naon_Theater-Seoul.html,Naon Theater
/Attraction_Review-g294197-d4438678-Reviews-Josun_Kyoyuk_Munhwa_Center-Seoul.html,Josun Kyoyuk Munhwa Center
/Attraction_Review-g294197-d4438670-Reviews-Seoul_Young_u_Kwahak_Kyoyuk_Center-Seoul.html,Seoul Young-u Kwahak Kyoyuk Center
/Attraction_Review-g294197-d4438669-Reviews-Visual_Art_Center_Boda-Seoul.html,Visual Art Center Boda
/Attraction_Review-g294197-d4438662-Reviews-Shinsegae_Munhwa_Center_Mia-Seoul.html,Shinsegae Munhwa Center Mia
/Attraction_Review-g294197-d4438653-Reviews-Sangmundong_Chungsonyon_Munhwaijip-Seoul.html,Sangmundong Chungsonyon Munhwaijip
/Attraction_Review-g294197-d4438638-Reviews-Hankuk_Yoksa_Munhwa_Hakyo-Seoul.html,Hankuk Yoksa Munhwa Hakyo
/Attraction_Review-g294197-d4438513-Reviews-Seorim_Gallery-Seoul.html,Seorim Gallery
/Attraction_Review-g294197-d4427686-Reviews-Yeongin_Munhakgwan-Seoul.html,Yeongin Munhakgwan
/Attraction_Review-g294197-d4427681-Reviews-Peace_Museum-Seoul.html,Peace Museum
/Attraction_Review-g294197-d4427676-Reviews-Museum_of_Humanities-Seoul.html,Museum of Humanities
/Attraction_Review-g294197-d4427552-Reviews-Hello_Museum-Seoul.html,Hello Museum
/Attraction_Review-g294197-d4427539-Reviews-ThinkThink_Art_Museum-Seoul.html,ThinkThink Art Museum
/Attraction_Review-g294197-d4427526-Reviews-Gallery_Mook-Seoul.html,Gallery Mook
/Attraction_Review-g294197-d4427515-Reviews-Sangwon_Museum_of_Art-Seoul.html,Sangwon Museum of Art
/Attraction_Review-g294197-d4096227-Reviews-Seogyo_Yesool_Shilheom_Center-Seoul.html,Seogyo Yesool Shilheom Center
/Attraction_Review-g294197-d4096225-Reviews-Bock_En_Fwan_Table_Tennis_Classroom-Seoul.html,Bock En Fwan Table Tennis Classroom
/Attraction_Review-g294197-d4096222-Reviews-Seocho_gu_Jamwon_Sports_Park-Seoul.html,Seocho-gu Jamwon Sports Park
/Attraction_Review-g294197-d4096219-Reviews-Sadang_Table_Tennis-Seoul.html,Sadang Table Tennis
/Attraction_Review-g294197-d4096217-Reviews-Geumcheonguminmunhwacheyuk_Center-Seoul.html,Geumcheonguminmunhwacheyuk Center
/Attraction_Review-g294197-d4096212-Reviews-Junggok_Munhwa_Cheyuk_Center-Seoul.html,Junggok Munhwa Cheyuk Center
/Attraction_Review-g294197-d4096210-Reviews-Seongdong_Takgu_Gyosil-Seoul.html,Seongdong Takgu Gyosil
/Attraction_Review-g294197-d4096205-Reviews-Gangnam_Sports_Moonhwa_Center-Seoul.html,Gangnam Sports Moonhwa Center
/Attraction_Review-g294197-d4096200-Reviews-Cheonggu_Munhwa_Sports_Center-Seoul.html,Cheonggu Munhwa Sports Center
/Attraction_Review-g294197-d4095647-Reviews-Senggak_Hahnen_Museum-Seoul.html,Senggak Hahnen Museum
/Attraction_Review-g294197-d4095629-Reviews-Samsung_Museum_of_Publication-Seoul.html,Samsung Museum of Publication
/Attraction_Review-g294197-d4095615-Reviews-Museum_of_Korean_Literature-Seoul.html,Museum of Korean Literature
/Attraction_Review-g294197-d4095594-Reviews-Korea_Advertising_Museum-Seoul.html,Korea Advertising Museum
/Attraction_Review-g294197-d4095590-Reviews-Hwabong_Gallery-Seoul.html,Hwabong Gallery
/Attraction_Review-g294197-d4095586-Reviews-The_Museum_of_Agriculture-Seoul.html,The Museum of Agriculture
/Attraction_Review-g294197-d4095584-Reviews-Lotte_Confectionary-Seoul.html,Lotte Confectionary
/Attraction_Review-g294197-d4095582-Reviews-Kepco_Electricity_Museum-Seoul.html,Kepco Electricity Museum
/Attraction_Review-g294197-d4095569-Reviews-Musee_Shuim-Seoul.html,Musee Shuim
/Attraction_Review-g294197-d4095563-Reviews-Korea_Camera_Museum-Seoul.html,Korea Camera Museum
/Attraction_Review-g294197-d4095559-Reviews-Tibet_Bakmoolgwan-Seoul.html,Tibet Bakmoolgwan
/Attraction_Review-g294197-d4095174-Reviews-Gallery_Sejul-Seoul.html,Gallery Sejul
/Attraction_Review-g294197-d4095148-Reviews-Hwang_Jin_Hyun_Museum-Seoul.html,Hwang Jin Hyun Museum
/Attraction_Review-g294197-d4095142-Reviews-Hae_Chung_Gallery-Seoul.html,Hae Chung Gallery
/Attraction_Review-g294197-d4095066-Reviews-Copion-Seoul.html,Copion
/Attraction_Review-g294197-d4095028-Reviews-Johyeong_Gallery-Seoul.html,Johyeong Gallery
/Attraction_Review-g294197-d4094998-Reviews-Gallery_Beam-Seoul.html,Gallery Beam
/Attraction_Review-g294197-d4094994-Reviews-Bakyoung_Deokhwarang-Seoul.html,Bakyoung Deokhwarang
/Attraction_Review-g294197-d4094962-Reviews-Gallery_Ami-Seoul.html,Gallery Ami
/Attraction_Review-g294197-d4094955-Reviews-Geumsan_Gallery-Seoul.html,Geumsan Gallery
/Attraction_Review-g294197-d4094937-Reviews-Cheonghwarang-Seoul.html,Cheonghwarang
/Attraction_Review-g294197-d4094931-Reviews-Dohohl_Gallery-Seoul.html,Dohohl Gallery
/Attraction_Review-g294197-d4094917-Reviews-Dom_Gallery-Seoul.html,Dom Gallery
/Attraction_Review-g294197-d4094900-Reviews-Gallery_Miz-Seoul.html,Gallery Miz
/Attraction_Review-g294197-d4094898-Reviews-Dongsung_Gallery-Seoul.html,Dongsung Gallery
/Attraction_Review-g294197-d4094893-Reviews-Unofficial_Preview-Seoul.html,Unofficial Preview
/Attraction_Review-g294197-d4094890-Reviews-Gallery_Lux-Seoul.html,Gallery Lux
/Attraction_Review-g294197-d4094886-Reviews-Kais_Gallery-Seoul.html,Kais Gallery
/Attraction_Review-g294197-d4094873-Reviews-Jun_Art_Gallery-Seoul.html,Jun Art Gallery
/Attraction_Review-g294197-d4094869-Reviews-Gallery_Mee-Seoul.html,Gallery Mee
/Attraction_Review-g294197-d4094867-Reviews-Hanjeon_Plaza-Seoul.html,Hanjeon Plaza
/Attraction_Review-g294197-d4094866-Reviews-Gallery_Gainro-Seoul.html,Gallery Gainro
/Attraction_Review-g294197-d4094865-Reviews-Gallery_2000-Seoul.html,Gallery 2000
/Attraction_Review-g294197-d4094860-Reviews-Eemok_Hwarang-Seoul.html,Eemok Hwarang
/Attraction_Review-g294197-d4094859-Reviews-Gallery_SUN_Contemporary-Seoul.html,Gallery SUN Contemporary
/Attraction_Review-g294197-d4094852-Reviews-Gallery_Ahmie-Seoul.html,Gallery Ahmie
/Attraction_Review-g294197-d4094848-Reviews-Gallery_Seohwa-Seoul.html,Gallery Seohwa
/Attraction_Review-g294197-d4094847-Reviews-Gain_Gallery-Seoul.html,Gain Gallery
/Attraction_Review-g294197-d4094844-Reviews-Dadohwarang-Seoul.html,Dadohwarang
/Attraction_Review-g294197-d4094835-Reviews-Juliana_Gallery-Seoul.html,Juliana Gallery
/Attraction_Review-g294197-d4094830-Reviews-Gallery_Jeong-Seoul.html,Gallery Jeong
/Attraction_Review-g294197-d4094828-Reviews-Gallery_Jo-Seoul.html,Gallery Jo
/Attraction_Review-g294197-d4094825-Reviews-Gallery_Factory-Seoul.html,Gallery Factory
/Attraction_Review-g294197-d4094820-Reviews-Michael_Schultz_Gallery-Seoul.html,Michael Schultz Gallery
/Attraction_Review-g294197-d4094817-Reviews-Moro_Gallery-Seoul.html,Moro Gallery
/Attraction_Review-g294197-d4094806-Reviews-Gallery_Ram-Seoul.html,Gallery Ram
/Attraction_Review-g294197-d4094805-Reviews-Mongin_Art_Center-Seoul.html,Mongin Art Center
/Attraction_Review-g294197-d4094799-Reviews-Gallery_SP-Seoul.html,Gallery SP
/Attraction_Review-g294197-d4094798-Reviews-Bit_Gallery-Seoul.html,Bit Gallery
/Attraction_Review-g294197-d4094795-Reviews-Gallerie_Pici-Seoul.html,Gallerie Pici
/Attraction_Review-g294197-d4087598-Reviews-Shimcheong_Moonhwa_Center-Seoul.html,Shimcheong Moonhwa Center
/Attraction_Review-g294197-d4068113-Reviews-Sosu_Museum-Seoul.html,Sosu Museum
/Attraction_Review-g294197-d4068108-Reviews-Textbook_Museum-Seoul.html,Textbook Museum
/Attraction_Review-g294197-d4068104-Reviews-Hapdeoksuri_Folk_Museum-Seoul.html,Hapdeoksuri Folk Museum
/Attraction_Review-g294197-d4068102-Reviews-Bangwon_Dinosaur_Museum-Seoul.html,Bangwon Dinosaur Museum
/Attraction_Review-g294197-d4068101-Reviews-Hanlip_Toy_Museum-Seoul.html,Hanlip Toy Museum
/Attraction_Review-g294197-d4068097-Reviews-Hapcheon_Museum-Seoul.html,Hapcheon Museum
/Attraction_Review-g294197-d4068072-Reviews-Jikji_Seongbo_Museum-Seoul.html,Jikji Seongbo Museum
/Attraction_Review-g294197-d4068062-Reviews-Jeju_Geonganggwa_Seong_Bakmoolgwan-Seoul.html,Jeju Geonganggwa Seong Bakmoolgwan
/Attraction_Review-g294197-d4068048-Reviews-Changwon_City_Museum-Seoul.html,Changwon City Museum
/Attraction_Review-g294197-d4068034-Reviews-Confucianism_Culture_Museum-Seoul.html,Confucianism Culture Museum
/Attraction_Review-g294197-d4068011-Reviews-Goonlip_Euiryung_Museum-Seoul.html,Goonlip Euiryung Museum
/Attraction_Review-g294197-d4067962-Reviews-Ulsan_Petroglyph_Museum-Seoul.html,Ulsan Petroglyph Museum
/Attraction_Review-g294197-d4067960-Reviews-Seosan_Moonhwagwan-Seoul.html,Seosan Moonhwagwan
/Attraction_Review-g294197-d4067958-Reviews-Mireuksaji_Relic_Museum-Seoul.html,Mireuksaji Relic Museum
/Attraction_Review-g294197-d4067948-Reviews-Moocho_Hoehyang_Art_Museum-Seoul.html,Moocho Hoehyang Art Museum
/Attraction_Review-g294197-d324888-Reviews-Gyeongbokgung_Palace-Seoul.html,Gyeongbokgung Palace
/Attraction_Review-g294197-d554537-Reviews-The_War_Memorial_of_Korea-Seoul.html,The War Memorial of Korea
/Attraction_Review-g294197-d320359-Reviews-Changdeokgung_Palace-Seoul.html,Changdeokgung Palace
/Attraction_Review-g294197-d554528-Reviews-Bukhansan_National_Park-Seoul.html,Bukhansan National Park
/Attraction_Review-g294197-d553546-Reviews-Myeongdong_Shopping_Street-Seoul.html,Myeongdong Shopping Street
/Attraction_Review-g294197-d325043-Reviews-National_Museum_of_Korea-Seoul.html,National Museum of Korea
/Attraction_Review-g294197-d592506-Reviews-Insadong-Seoul.html,Insadong
/Attraction_Review-g294197-d2203080-Reviews-Trickeye_Museum_Seoul-Seoul.html,Trickeye Museum Seoul
/Attraction_Review-g294197-d2194168-Reviews-Seoul_Metro-Seoul.html,Seoul Metro
/Attraction_Review-g294197-d1519813-Reviews-Hangang_Park-Seoul.html,Hangang Park
/Attraction_Review-g294197-d3322253-Reviews-KTX_Korea_Train_Express-Seoul.html,KTX (Korea Train Express)
/Attraction_Review-g294197-d554582-Reviews-Namsan_Park-Seoul.html,Namsan Park
/Attraction_Review-g294197-d1169465-Reviews-N_Seoul_Tower-Seoul.html,N Seoul Tower
/Attraction_Review-g294197-d324915-Reviews-Myeongdong_NANTA_Theater-Seoul.html,Myeongdong NANTA Theater
/Attraction_Review-g294197-d6671988-Reviews-Dongdaemun_Design_Plaza_DDP-Seoul.html,Dongdaemun Design Plaza (DDP)
/Attraction_Review-g294197-d8842556-Reviews-Lotte_World_Tower_Mall-Seoul.html,Lotte World Tower & Mall
/Attraction_Review-g294197-d1235392-Reviews-Jogyesa_Temple-Seoul.html,Jogyesa Temple
/Attraction_Review-g294197-d1046419-Reviews-Cheonggyecheon_Stream-Seoul.html,Cheonggyecheon Stream
/Attraction_Review-g294197-d1379963-Reviews-Bukchon_Hanok_Village-Seoul.html,Bukchon Hanok Village
/Attraction_Review-g294197-d592486-Reviews-Bongeunsa_Temple-Seoul.html,Bongeunsa Temple
/Attraction_Review-g294197-d1958940-Reviews-Hongik_University_Street-Seoul.html,Hongik University Street
/Attraction_Review-g294197-d4798711-Reviews-Seoul_Forest-Seoul.html,Seoul Forest
/Attraction_Review-g294197-d1552278-Reviews-Kwangjang_Market-Seoul.html,Kwangjang Market
/Attraction_Review-g294197-d1862191-Reviews-Ewha_Womans_University-Seoul.html,Ewha Womans University
/Attraction_Review-g294197-d4094861-Reviews-Haneul_Park-Seoul.html,Haneul Park
/Attraction_Review-g294197-d12635586-Reviews-Starfield_Library-Seoul.html,Starfield Library
/Attraction_Review-g294197-d10794564-Reviews-Love_Museum-Seoul.html,Love Museum
/Attraction_Review-g294197-d4798715-Reviews-Yeouido_Hangang_Park-Seoul.html,Yeouido Hangang Park
/Attraction_Review-g294197-d12309166-Reviews-Seoul_Sky-Seoul.html,Seoul Sky
/Attraction_Review-g294197-d592658-Reviews-Olympic_Park-Seoul.html,Olympic Park