,urls,attraction
0,https://www.tripadvisor.co.kr/Attraction_Review-g294197-d553546-Reviews-Myeongdong_Shopping_Street-Seoul.html#REVIEWS,Myeongdong_Shopping_Street-Seoul
1,https://www.tripadvisor.co.kr/Attraction_Review-g294197-d609340-Reviews-Myeong_dong_Cathedral-Seoul.html#REVIEWS,Myeong_dong_Cathedral-Seoul
2,https://www.tripadvisor.co.kr/Attraction_Review-g608520-d3805613-Reviews-Chuncheon_Myeongdong_Street-Chuncheon_Gangwon_do.html#REVIEWS,Chuncheon_Myeongdong_Street-Chuncheon_Gangwon_do
3,https://www.tripadvisor.co.kr/Attraction_Review-g297884-d4354720-Reviews-Gwangandaegyo_Bridge-Busan.html#REVIEWS,Gwangandaegyo_Bridge-Busan
4,https://www.tripadvisor.co.kr/Attraction_Review-g297884-d7918210-Reviews-Nurimaru_APAC_House-Busan.html#REVIEWS,Nurimaru_APAC_House-Busan
5,https://www.tripadvisor.co.kr/Attraction_Review-g297884-d1458553-Reviews-Haeundae_Beach-Busan.html#REVIEWS,Haeundae_Beach-Busan
6,https://www.tripadvisor.co.kr/Attraction_Review-g297884-d4354725-Reviews-Haeundae_Dalmaji_gil_Road-Busan.html#REVIEWS,Haeundae_Dalmaji_gil_Road-Busan
7,https://www.tripadvisor.co.kr/Attraction_Review-g294197-d2008729-Reviews-Jamsil_Baseball_Stadium-Seoul.html#REVIEWS,Jamsil_Baseball_Stadium-Seoul
8,https://www.tripadvisor.co.kr/Attraction_Review-g294197-d4438770-Reviews-Lotte_Cinema_Lotte_World-Seoul.html#REVIEWS,Lotte_Cinema_Lotte_World-Seoul
9,https://www.tripadvisor.co.kr/Attraction_Review-g294197-d12339161-Reviews-Jamsil_Sports_Complex-Seoul.html#REVIEWS,Jamsil_Sports_Complex-Seoul
10,https://www.tripadvisor.co.kr/Attraction_Review-g294197-d10183192-Reviews-Seokchon_Lake-Seoul.html#REVIEWS,Seokchon_Lake-Seoul
11,https://www.tripadvisor.co.kr/Attraction_Review-g294197-d8842556-Reviews-Lotte_World_Tower_Mall-Seoul.html#REVIEWS,Lotte_World_Tower_Mall-Seoul
12,https://www.tripadvisor.co.kr/Attraction_Review-g608520-d597358-Reviews-Nami_Island-Chuncheon_Gangwon_do.html#REVIEWS,Nami_Island-Chuncheon_Gangwon_do
13,https://www.tripadvisor.co.kr/Attraction_Review-g2024864-d10586793-Reviews-Gapyeong_Rail_Park-Gapyeong_gun_Gyeonggi_do.html#REVIEWS,Gapyeong_Rail_Park-Gapyeong_gun_Gyeonggi_do
14,https://www.tripadvisor.co.kr/Attraction_Review-g2024864-d13138068-Reviews-Gapyeong_City_Tour_Bus-Gapyeong_gun_Gyeonggi_do.html#REVIEWS,Gapyeong_City_Tour_Bus-Gapyeong_gun_Gyeonggi_do
15,https://www.tripadvisor.co.kr/Attraction_Review-g2024864-d3618503-Reviews-The_Garden_of_Morning_Calm-Gapyeong_gun_Gyeonggi_do.html#REVIEWS,The_Garden_of_Morning_Calm-Gapyeong_gun_Gyeonggi_do
16,https://www.tripadvisor.co.kr/Attraction_Review-g294197-d1552247-Reviews-Gangnam_Underground_Shopping_area-Seoul.html#REVIEWS,Gangnam_Underground_Shopping_area-Seoul
17,https://www.tripadvisor.co.kr/Attraction_Review-g294197-d1675961-Reviews-Seolleung_Jeongneung_Royal_Tomb-Seoul.html#REVIEWS,Seolleung_Jeongneung_Royal_Tomb-Seoul
18,https://www.tripadvisor.co.kr/Attraction_Review-g294197-d1537022-Reviews-Dongdaemun_Market-Seoul.html#REVIEWS,Dongdaemun_Market-Seoul
19,https://www.tripadvisor.co.kr/Attraction_Review-g294197-d1383393-Reviews-Migliore_Dongdaemun_Shop-Seoul.html#REVIEWS,Migliore_Dongdaemun_Shop-Seoul
20,https://www.tripadvisor.co.kr/Attraction_Review-g294197-d6671988-Reviews-Dongdaemun_Design_Plaza_DDP-Seoul.html#REVIEWS,Dongdaemun_Design_Plaza_DDP-Seoul
21,https://www.tripadvisor.co.kr/Attraction_Review-g294197-d1478599-Reviews-Dongdaemun_Shopping_Complex-Seoul.html#REVIEWS,Dongdaemun_Shopping_Complex-Seoul
22,https://www.tripadvisor.co.kr/Attraction_Review-g294197-d554533-Reviews-Dongdaemun_Gate_Heunginjimun-Seoul.html#REVIEWS,Dongdaemun_Gate_Heunginjimun-Seoul
23,https://www.tripadvisor.co.kr/Attraction_Review-g294197-d554551-Reviews-63_City-Seoul.html#REVIEWS,63_City-Seoul
24,https://www.tripadvisor.co.kr/Attraction_Review-g294197-d4798715-Reviews-Yeouido_Hangang_Park-Seoul.html#REVIEWS,Yeouido_Hangang_Park-Seoul
25,https://www.tripadvisor.co.kr/Attraction_Review-g294197-d1957627-Reviews-Yeouido_Park-Seoul.html#REVIEWS,Yeouido_Park-Seoul
26,https://www.tripadvisor.co.kr/Attraction_Review-g294197-d10020529-Reviews-Seoul_International_Fireworks_Festival-Seoul.html#REVIEWS,Seoul_International_Fireworks_Festival-Seoul
27,https://www.tripadvisor.co.kr/Attraction_Review-g608520-d3805496-Reviews-Chuncheon_Myeongdong_Dakgalbi_Street-Chuncheon_Gangwon_do.html#REVIEWS,Chuncheon_Myeongdong_Dakgalbi_Street-Chuncheon_Gangwon_do
28,https://www.tripadvisor.co.kr/Attraction_Review-g608520-d10748024-Reviews-Chuncheon_Mullegil-Chuncheon_Gangwon_do.html#REVIEWS,Chuncheon_Mullegil-Chuncheon_Gangwon_do
29,https://www.tripadvisor.co.kr/Attraction_Review-g946497-d7113570-Reviews-Woongjin_Playdoci-Bucheon_Gyeonggi_do.html#REVIEWS,Woongjin_Playdoci-Bucheon_Gyeonggi_do
30,https://www.tripadvisor.co.kr/Attraction_Review-g297885-d2238839-Reviews-Dongmun_Market-Jeju_Jeju_Island.html#REVIEWS,Dongmun_Market-Jeju_Jeju_Island
31,https://www.tripadvisor.co.kr/Attraction_Review-g297885-d1655315-Reviews-Jeju_Folklore_Natural_Museum-Jeju_Jeju_Island.html#REVIEWS,Jeju_Folklore_Natural_Museum-Jeju_Jeju_Island
32,https://www.tripadvisor.co.kr/Attraction_Review-g297885-d2204929-Reviews-Jeju_Stone_Park-Jeju_Jeju_Island.html#REVIEWS,Jeju_Stone_Park-Jeju_Jeju_Island
33,https://www.tripadvisor.co.kr/Attraction_Review-g297892-d1582693-Reviews-Seongsan_Ilchulbong-Seogwipo_Jeju_Island.html#REVIEWS,Seongsan_Ilchulbong-Seogwipo_Jeju_Island
34,https://www.tripadvisor.co.kr/Attraction_Review-g297885-d550707-Reviews-Seongeup_Folk_Village-Jeju_Jeju_Island.html#REVIEWS,Seongeup_Folk_Village-Jeju_Jeju_Island
35,https://www.tripadvisor.co.kr/Attraction_Review-g294197-d553246-Reviews-Sinchon-Seoul.html#REVIEWS,Sinchon-Seoul
36,https://www.tripadvisor.co.kr/Attraction_Review-g946499-d2478971-Reviews-Sangdangsanseong_Fortress-Cheongju_Chungcheongbuk_do.html#REVIEWS,Sangdangsanseong_Fortress-Cheongju_Chungcheongbuk_do
37,https://www.tripadvisor.co.kr/Attraction_Review-g946499-d4427673-Reviews-Cheongju_National_Museum-Cheongju_Chungcheongbuk_do.html#REVIEWS,Cheongju_National_Museum-Cheongju_Chungcheongbuk_do
38,https://www.tripadvisor.co.kr/Attraction_Review-g946499-d2477490-Reviews-Cheongnamdae-Cheongju_Chungcheongbuk_do.html#REVIEWS,Cheongnamdae-Cheongju_Chungcheongbuk_do
39,https://www.tripadvisor.co.kr/Attraction_Review-g946499-d2478968-Reviews-Cheongju_Early_Printing_Museum-Cheongju_Chungcheongbuk_do.html#REVIEWS,Cheongju_Early_Printing_Museum-Cheongju_Chungcheongbuk_do
40,https://www.tripadvisor.co.kr/Attraction_Review-g294197-d2571660-Reviews-Itaewon-Seoul.html#REVIEWS,Itaewon-Seoul
41,https://www.tripadvisor.co.kr/Attraction_Review-g294197-d6622691-Reviews-Itaewon_Land-Seoul.html#REVIEWS,Itaewon_Land-Seoul
42,https://www.tripadvisor.co.kr/Attraction_Review-g294197-d3808256-Reviews-Itaewon_Antique_Furniture_Street-Seoul.html#REVIEWS,Itaewon_Antique_Furniture_Street-Seoul
43,https://www.tripadvisor.co.kr/Attraction_Review-g2024865-d6671995-Reviews-One_Mount_Water_Park-Goyang_Gyeonggi_do.html#REVIEWS,One_Mount_Water_Park-Goyang_Gyeonggi_do
44,https://www.tripadvisor.co.kr/Attraction_Review-g2024865-d12869206-Reviews-Starfield_Goyang-Goyang_Gyeonggi_do.html#REVIEWS,Starfield_Goyang-Goyang_Gyeonggi_do
45,https://www.tripadvisor.co.kr/Attraction_Review-g2024865-d10020514-Reviews-International_Horticulture_Goyang_Korea-Goyang_Gyeonggi_do.html#REVIEWS,International_Horticulture_Goyang_Korea-Goyang_Gyeonggi_do
46,https://www.tripadvisor.co.kr/Attraction_Review-g612377-d4749948-Reviews-Daegwanryeong_Samyang_Ranch-Pyeongchang_gun_Gangwon_do.html#REVIEWS,Daegwanryeong_Samyang_Ranch-Pyeongchang_gun_Gangwon_do
47,https://www.tripadvisor.co.kr/Attraction_Review-g612377-d6116363-Reviews-Daegwanryeong_Yangtte_Ranch-Pyeongchang_gun_Gangwon_do.html#REVIEWS,Daegwanryeong_Yangtte_Ranch-Pyeongchang_gun_Gangwon_do
48,https://www.tripadvisor.co.kr/Attraction_Review-g297889-d2045868-Reviews-Incheon_Airport_Transit_Tour-Incheon.html#REVIEWS,Incheon_Airport_Transit_Tour-Incheon
49,https://www.tripadvisor.co.kr/Attraction_Review-g297889-d2058117-Reviews-AREX_Airport_Railroad_Express-Incheon.html#REVIEWS,AREX_Airport_Railroad_Express-Incheon
50,https://www.tripadvisor.co.kr/Attraction_Review-g1119868-d2069142-Reviews-The_Independence_Hall_of_Korea-Cheonan_Chungcheongnam_do.html#REVIEWS,The_Independence_Hall_of_Korea-Cheonan_Chungcheongnam_do
51,https://www.tripadvisor.co.kr/Attraction_Review-g780594-d7906238-Reviews-T_Light_Park-Ansan_Gyeonggi_do.html#REVIEWS,T_Light_Park-Ansan_Gyeonggi_do
52,https://www.tripadvisor.co.kr/Attraction_Review-g780594-d8809682-Reviews-Sihwa_Seawall-Ansan_Gyeonggi_do.html#REVIEWS,Sihwa_Seawall-Ansan_Gyeonggi_do
53,https://www.tripadvisor.co.kr/Attraction_Review-g780594-d7906256-Reviews-Tando_Port-Ansan_Gyeonggi_do.html#REVIEWS,Tando_Port-Ansan_Gyeonggi_do
54,https://www.tripadvisor.co.kr/Attraction_Review-g780594-d4095641-Reviews-Ansan_Reed_Wetland-Ansan_Gyeonggi_do.html#REVIEWS,Ansan_Reed_Wetland-Ansan_Gyeonggi_do
55,https://www.tripadvisor.co.kr/Attraction_Review-g2024805-d7061491-Reviews-Jincheon_Nongdari_Bridge-Jincheon_gun_Chungcheongbuk_do.html#REVIEWS,Jincheon_Nongdari_Bridge-Jincheon_gun_Chungcheongbuk_do
56,https://www.tripadvisor.co.kr/Attraction_Review-g2024805-d3805378-Reviews-Jincheon_Bell_Museum-Jincheon_gun_Chungcheongbuk_do.html#REVIEWS,Jincheon_Bell_Museum-Jincheon_gun_Chungcheongbuk_do
57,https://www.tripadvisor.co.kr/Attraction_Review-g2024805-d8870941-Reviews-Botapsa_Temple-Jincheon_gun_Chungcheongbuk_do.html#REVIEWS,Botapsa_Temple-Jincheon_gun_Chungcheongbuk_do
58,https://www.tripadvisor.co.kr/Attraction_Review-g424960-d320368-Reviews-Hwaseong_Fortress-Suwon_Gyeonggi_do.html#REVIEWS,Hwaseong_Fortress-Suwon_Gyeonggi_do
59,https://www.tripadvisor.co.kr/Attraction_Review-g424960-d2255313-Reviews-Hwaseong_Haenggung_Palace-Suwon_Gyeonggi_do.html#REVIEWS,Hwaseong_Haenggung_Palace-Suwon_Gyeonggi_do
60,https://www.tripadvisor.co.kr/Attraction_Review-g424960-d3805482-Reviews-Paldalmun_Gate-Suwon_Gyeonggi_do.html#REVIEWS,Paldalmun_Gate-Suwon_Gyeonggi_do
61,https://www.tripadvisor.co.kr/Attraction_Review-g424960-d3805593-Reviews-Hwahongmun_Gate-Suwon_Gyeonggi_do.html#REVIEWS,Hwahongmun_Gate-Suwon_Gyeonggi_do
62,https://www.tripadvisor.co.kr/Attraction_Review-g424960-d3805536-Reviews-Janganmun_Gate-Suwon_Gyeonggi_do.html#REVIEWS,Janganmun_Gate-Suwon_Gyeonggi_do
63,https://www.tripadvisor.co.kr/Attraction_Review-g294197-d1519813-Reviews-Hangang_Park-Seoul.html#REVIEWS,Hangang_Park-Seoul
64,https://www.tripadvisor.co.kr/Attraction_Review-g294197-d1761093-Reviews-Eland_Cruise-Seoul.html#REVIEWS,Eland_Cruise-Seoul
65,https://www.tripadvisor.co.kr/Attraction_Review-g297889-d2194162-Reviews-Wolmido-Incheon.html#REVIEWS,Wolmido-Incheon
66,https://www.tripadvisor.co.kr/Attraction_Review-g297889-d3821843-Reviews-Wolmi_Park-Incheon.html#REVIEWS,Wolmi_Park-Incheon
67,https://www.tripadvisor.co.kr/Attraction_Review-g297889-d8084305-Reviews-Wolmi_Theme_Park-Incheon.html#REVIEWS,Wolmi_Theme_Park-Incheon
68,https://www.tripadvisor.co.kr/Attraction_Review-g297889-d13833680-Reviews-Wolmido_Cruise-Incheon.html#REVIEWS,Wolmido_Cruise-Incheon
69,https://www.tripadvisor.co.kr/Attraction_Review-g294197-d1235392-Reviews-Jogyesa_Temple-Seoul.html#REVIEWS,Jogyesa_Temple-Seoul
70,https://www.tripadvisor.co.kr/Attraction_Review-g294197-d554634-Reviews-Jongmyo_Shrine-Seoul.html#REVIEWS,Jongmyo_Shrine-Seoul
71,https://www.tripadvisor.co.kr/Attraction_Review-g294197-d7891794-Reviews-Jongno_Jewelry_Shopping_Street-Seoul.html#REVIEWS,Jongno_Jewelry_Shopping_Street-Seoul
72,https://www.tripadvisor.co.kr/Attraction_Review-g294197-d1046419-Reviews-Cheonggyecheon_Stream-Seoul.html#REVIEWS,Cheonggyecheon_Stream-Seoul
73,https://www.tripadvisor.co.kr/Attraction_Review-g294197-d14956599-Reviews-Jonglo3ga_Pojangmacha_Geoli-Seoul.html#REVIEWS,Jonglo3ga_Pojangmacha_Geoli-Seoul
74,https://www.tripadvisor.co.kr/Attraction_Review-g2024869-d3422951-Reviews-Guri_Tower-Guri_Gyeonggi_do.html#REVIEWS,Guri_Tower-Guri_Gyeonggi_do
75,https://www.tripadvisor.co.kr/Attraction_Review-g2024869-d3420766-Reviews-Donggureung-Guri_Gyeonggi_do.html#REVIEWS,Donggureung-Guri_Gyeonggi_do
76,https://www.tripadvisor.co.kr/Attraction_Review-g297889-d5252556-Reviews-Songdo_Central_Park-Incheon.html#REVIEWS,Songdo_Central_Park-Incheon
77,https://www.tripadvisor.co.kr/Attraction_Review-g297884-d3420565-Reviews-Songdo_Beach-Busan.html#REVIEWS,Songdo_Beach-Busan
78,https://www.tripadvisor.co.kr/Attraction_Review-g297889-d3821977-Reviews-Songdo_Convensia-Incheon.html#REVIEWS,Songdo_Convensia-Incheon
79,https://www.tripadvisor.co.kr/Attraction_Review-g297884-d12318661-Reviews-Songdo_Skywalk-Busan.html#REVIEWS,Songdo_Skywalk-Busan
80,https://www.tripadvisor.co.kr/Attraction_Review-g297889-d10412262-Reviews-Hyundai_Premium_Outlet_Songdo-Incheon.html#REVIEWS,Hyundai_Premium_Outlet_Songdo-Incheon
81,https://www.tripadvisor.co.kr/Attraction_Review-g294197-d10523451-Reviews-Lotte_Cinema_Gasan_Digital-Seoul.html#REVIEWS,Lotte_Cinema_Gasan_Digital-Seoul
82,https://www.tripadvisor.co.kr/Attraction_Review-g294197-d6960656-Reviews-Mario_outlet-Seoul.html#REVIEWS,Mario_outlet-Seoul
83,https://www.tripadvisor.co.kr/Attraction_Review-g294197-d7891991-Reviews-Digital_Pavilion-Seoul.html#REVIEWS,Digital_Pavilion-Seoul
84,https://www.tripadvisor.co.kr/Attraction_Review-g294197-d1579821-Reviews-Statue_of_Sejong_the_Great-Seoul.html#REVIEWS,Statue_of_Sejong_the_Great-Seoul
85,https://www.tripadvisor.co.kr/Attraction_Review-g294197-d6847900-Reviews-Gwanghwamun_Square-Seoul.html#REVIEWS,Gwanghwamun_Square-Seoul
86,https://www.tripadvisor.co.kr/Attraction_Review-g294197-d2341867-Reviews-Sejong_Center-Seoul.html#REVIEWS,Sejong_Center-Seoul
87,https://www.tripadvisor.co.kr/Attraction_Review-g294197-d592507-Reviews-King_Sejong_Memorial_Hall-Seoul.html#REVIEWS,King_Sejong_Memorial_Hall-Seoul
88,https://www.tripadvisor.co.kr/Attraction_Review-g294197-d1604009-Reviews-Garosu_gil-Seoul.html#REVIEWS,Garosu_gil-Seoul
89,https://www.tripadvisor.co.kr/Attraction_Review-g297886-d2099339-Reviews-Seomun_Market-Daegu.html#REVIEWS,Seomun_Market-Daegu
90,https://www.tripadvisor.co.kr/Attraction_Review-g297886-d1730326-Reviews-Daegu_Metro-Daegu.html#REVIEWS,Daegu_Metro-Daegu
91,https://www.tripadvisor.co.kr/Attraction_Review-g297884-d8121656-Reviews-Busan_Metro-Busan.html#REVIEWS,Busan_Metro-Busan
92,https://www.tripadvisor.co.kr/Attraction_Review-g297884-d8118524-Reviews-Busan_Station_Plaza-Busan.html#REVIEWS,Busan_Station_Plaza-Busan
93,https://www.tripadvisor.co.kr/Attraction_Review-g297884-d2168903-Reviews-Busan_Port-Busan.html#REVIEWS,Busan_Port-Busan
94,https://www.tripadvisor.co.kr/Attraction_Review-g297884-d1372972-Reviews-Jagalchi_Market-Busan.html#REVIEWS,Jagalchi_Market-Busan
95,https://www.tripadvisor.co.kr/Attraction_Review-g297884-d1632406-Reviews-Yongdusan_Park-Busan.html#REVIEWS,Yongdusan_Park-Busan
96,https://www.tripadvisor.co.kr/Attraction_Review-g294197-d3670803-Reviews-Museum_of_Art_Seoul_National_University-Seoul.html#REVIEWS,Museum_of_Art_Seoul_National_University-Seoul
97,https://www.tripadvisor.co.kr/Attraction_Review-g294197-d4427670-Reviews-Seoul_University_Hospital_Medical_Museum-Seoul.html#REVIEWS,Seoul_University_Hospital_Medical_Museum-Seoul
98,https://www.tripadvisor.co.kr/Attraction_Review-g294197-d3805397-Reviews-Gyujanggak_Library_of_Seoul_National_University-Seoul.html#REVIEWS,Gyujanggak_Library_of_Seoul_National_University-Seoul
99,https://www.tripadvisor.co.kr/Attraction_Review-g294197-d3901448-Reviews-Kyunghee_University_Seoul_Campus-Seoul.html#REVIEWS,Kyunghee_University_Seoul_Campus-Seoul
100,https://www.tripadvisor.co.kr/Attraction_Review-g1632071-d4730571-Reviews-Geumosan_Provincial_Park-Gumi_Gyeongsangbuk_do.html#REVIEWS,Geumosan_Provincial_Park-Gumi_Gyeongsangbuk_do
101,https://www.tripadvisor.co.kr/Attraction_Review-g2024820-d2478945-Reviews-Mireuksa_Temple_Site-Iksan_Jeollabuk_do.html#REVIEWS,Mireuksa_Temple_Site-Iksan_Jeollabuk_do
102,https://www.tripadvisor.co.kr/Attraction_Review-g2024820-d4094595-Reviews-Mireuksaji_National_Museum-Iksan_Jeollabuk_do.html#REVIEWS,Mireuksaji_National_Museum-Iksan_Jeollabuk_do
103,https://www.tripadvisor.co.kr/Attraction_Review-g844468-d7954545-Reviews-Mireuksan_Mountain-Tongyeong_Gyeongsangnam_do.html#REVIEWS,Mireuksan_Mountain-Tongyeong_Gyeongsangnam_do
104,https://www.tripadvisor.co.kr/Attraction_Review-g1643550-d554534-Reviews-Everland-Yongin_Gyeonggi_do.html#REVIEWS,Everland-Yongin_Gyeonggi_do
105,https://www.tripadvisor.co.kr/Attraction_Review-g2024866-d1868571-Reviews-Seoul_Land-Gwacheon_Gyeonggi_do.html#REVIEWS,Seoul_Land-Gwacheon_Gyeonggi_do
106,https://www.tripadvisor.co.kr/Attraction_Review-g1643550-d3164745-Reviews-Hoam_Art_Museum-Yongin_Gyeonggi_do.html#REVIEWS,Hoam_Art_Museum-Yongin_Gyeonggi_do
107,https://www.tripadvisor.co.kr/Attraction_Review-g294197-d592495-Reviews-Coex_Aquarium-Seoul.html#REVIEWS,Coex_Aquarium-Seoul
108,https://www.tripadvisor.co.kr/Attraction_Review-g294197-d554303-Reviews-Starfield_COEX_Mall-Seoul.html#REVIEWS,Starfield_COEX_Mall-Seoul
109,https://www.tripadvisor.co.kr/Attraction_Review-g294197-d592486-Reviews-Bongeunsa_Temple-Seoul.html#REVIEWS,Bongeunsa_Temple-Seoul
110,https://www.tripadvisor.co.kr/Attraction_Review-g294197-d12635586-Reviews-Starfield_Library-Seoul.html#REVIEWS,Starfield_Library-Seoul
111,https://www.tripadvisor.co.kr/Attraction_Review-g294197-d590748-Reviews-Gwanghwamun_Gate-Seoul.html#REVIEWS,Gwanghwamun_Gate-Seoul
112,https://www.tripadvisor.co.kr/Attraction_Review-g304129-d1880980-Reviews-Mudeungsan_National_Park-Gwangju.html#REVIEWS,Mudeungsan_National_Park-Gwangju
113,https://www.tripadvisor.co.kr/Attraction_Review-g304129-d6352856-Reviews-Mudeungsan_Jeungsimsa_Temple-Gwangju.html#REVIEWS,Mudeungsan_Jeungsimsa_Temple-Gwangju
114,https://www.tripadvisor.co.kr/Attraction_Review-g297889-d4412910-Reviews-Muuido_Island-Incheon.html#REVIEWS,Muuido_Island-Incheon
115,https://www.tripadvisor.co.kr/Attraction_Review-g2024873-d6208155-Reviews-Seongnam_Arts_Center-Seongnam_Gyeonggi_do.html#REVIEWS,Seongnam_Arts_Center-Seongnam_Gyeonggi_do
116,https://www.tripadvisor.co.kr/Attraction_Review-g612377-d1746119-Reviews-Phoenix_Snow_Park-Pyeongchang_gun_Gangwon_do.html#REVIEWS,Phoenix_Snow_Park-Pyeongchang_gun_Gangwon_do
117,https://www.tripadvisor.co.kr/Attraction_Review-g612377-d12948588-Reviews-Yongpyeong_Resort_Gondola-Pyeongchang_gun_Gangwon_do.html#REVIEWS,Yongpyeong_Resort_Gondola-Pyeongchang_gun_Gangwon_do
118,https://www.tripadvisor.co.kr/Attraction_Review-g612377-d4087334-Reviews-Peak_Island_Yongpyeong_Water_Park-Pyeongchang_gun_Gangwon_do.html#REVIEWS,Peak_Island_Yongpyeong_Water_Park-Pyeongchang_gun_Gangwon_do
119,https://www.tripadvisor.co.kr/Attraction_Review-g297887-d4095612-Reviews-Daecheongho_Natural_Ecology_Center-Daejeon.html#REVIEWS,Daecheongho_Natural_Ecology_Center-Daejeon
120,https://www.tripadvisor.co.kr/Attraction_Review-g297884-d4094883-Reviews-Tower_Gallery-Busan.html#REVIEWS,Tower_Gallery-Busan
121,https://www.tripadvisor.co.kr/Attraction_Review-g297884-d12932545-Reviews-Busan_Tower-Busan.html#REVIEWS,Busan_Tower-Busan
122,https://www.tripadvisor.co.kr/Attraction_Review-g297884-d4412555-Reviews-Busan_Modern_History_Museum-Busan.html#REVIEWS,Busan_Modern_History_Museum-Busan
123,https://www.tripadvisor.co.kr/Attraction_Review-g297885-d550713-Reviews-Yongduam_Rock-Jeju_Jeju_Island.html#REVIEWS,Yongduam_Rock-Jeju_Jeju_Island
124,https://www.tripadvisor.co.kr/Attraction_Review-g1872665-d3164724-Reviews-Paju_Premium_Outlets-Paju_Gyeonggi_do.html#REVIEWS,Paju_Premium_Outlets-Paju_Gyeonggi_do
125,https://www.tripadvisor.co.kr/Attraction_Review-g1960566-d3164728-Reviews-Yeoju_Premium_Outlets-Yeoju_si_Gyeonggi_do.html#REVIEWS,Yeoju_Premium_Outlets-Yeoju_si_Gyeonggi_do
126,https://www.tripadvisor.co.kr/Attraction_Review-g678593-d7065598-Reviews-Shinjang_Shopping_Mall-Pyeongtaek_Gyeonggi_do.html#REVIEWS,Shinjang_Shopping_Mall-Pyeongtaek_Gyeonggi_do
127,https://www.tripadvisor.co.kr/Attraction_Review-g297887-d10897999-Reviews-Gyejoksan_Mountain_Red_Clay_Trail-Daejeon.html#REVIEWS,Gyejoksan_Mountain_Red_Clay_Trail-Daejeon
128,https://www.tripadvisor.co.kr/Attraction_Review-g1643550-d7987605-Reviews-Yonin_Natural_Recreation_Forest-Yongin_Gyeonggi_do.html#REVIEWS,Yonin_Natural_Recreation_Forest-Yongin_Gyeonggi_do
129,https://www.tripadvisor.co.kr/Attraction_Review-g1643550-d3161586-Reviews-Yongin_Daejanggeum_Park-Yongin_Gyeonggi_do.html#REVIEWS,Yongin_Daejanggeum_Park-Yongin_Gyeonggi_do
130,https://www.tripadvisor.co.kr/Attraction_Review-g1643550-d4427666-Reviews-Yongin_Cultural_Heritage_Museum-Yongin_Gyeonggi_do.html#REVIEWS,Yongin_Cultural_Heritage_Museum-Yongin_Gyeonggi_do
131,https://www.tripadvisor.co.kr/Attraction_Review-g1643550-d554342-Reviews-Korean_Folk_Village-Yongin_Gyeonggi_do.html#REVIEWS,Korean_Folk_Village-Yongin_Gyeonggi_do
132,https://www.tripadvisor.co.kr/Attraction_Review-g1643550-d4094766-Reviews-Yongin_City_Agriculural_Technology_Center-Yongin_Gyeonggi_do.html#REVIEWS,Yongin_City_Agriculural_Technology_Center-Yongin_Gyeonggi_do
133,https://www.tripadvisor.co.kr/Attraction_Review-g2024803-d7050163-Reviews-Eumseong_Large_Rock_Face_Sculpture_Park-Eumseong_gun_Chungcheongbuk_do.html#REVIEWS,Eumseong_Large_Rock_Face_Sculpture_Park-Eumseong_gun_Chungcheongbuk_do
134,https://www.tripadvisor.co.kr/Attraction_Review-g294197-d1836198-Reviews-National_Palace_Museum_of_Korea-Seoul.html#REVIEWS,National_Palace_Museum_of_Korea-Seoul
135,https://www.tripadvisor.co.kr/Attraction_Review-g789433-d1886991-Reviews-Hanji_Theme_Park-Wonju_Gangwon_do.html#REVIEWS,Hanji_Theme_Park-Wonju_Gangwon_do
136,https://www.tripadvisor.co.kr/Attraction_Review-g789433-d5924168-Reviews-Museum_SAN-Wonju_Gangwon_do.html#REVIEWS,Museum_SAN-Wonju_Gangwon_do
137,https://www.tripadvisor.co.kr/Attraction_Review-g789433-d13810098-Reviews-Mount_Sogeum_Swinging_Bridge-Wonju_Gangwon_do.html#REVIEWS,Mount_Sogeum_Swinging_Bridge-Wonju_Gangwon_do
138,https://www.tripadvisor.co.kr/Attraction_Review-g789433-d4087312-Reviews-Ganhyeon_Yuwonji-Wonju_Gangwon_do.html#REVIEWS,Ganhyeon_Yuwonji-Wonju_Gangwon_do
139,https://www.tripadvisor.co.kr/Attraction_Review-g2024868-d4095649-Reviews-Geumnamro_Park-Gwangju_Gyeonggi_do.html#REVIEWS,Geumnamro_Park-Gwangju_Gyeonggi_do
140,https://www.tripadvisor.co.kr/Attraction_Review-g294197-d4323885-Reviews-Chungjeongno_NANTA_Theatre-Seoul.html#REVIEWS,Chungjeongno_NANTA_Theatre-Seoul
141,https://www.tripadvisor.co.kr/Attraction_Review-g304129-d12657497-Reviews-Asia_Culture_Center-Gwangju.html#REVIEWS,Asia_Culture_Center-Gwangju
142,https://www.tripadvisor.co.kr/Attraction_Review-g304129-d1880975-Reviews-The_Street_of_Art-Gwangju.html#REVIEWS,The_Street_of_Art-Gwangju
143,https://www.tripadvisor.co.kr/Attraction_Review-g2024867-d8790372-Reviews-Gwangmyeong_Cave-Gwangmyeong_Gyeonggi_do.html#REVIEWS,Gwangmyeong_Cave-Gwangmyeong_Gyeonggi_do
144,https://www.tripadvisor.co.kr/Attraction_Review-g2024867-d13151736-Reviews-Statue_of_Peace-Gwangmyeong_Gyeonggi_do.html#REVIEWS,Statue_of_Peace-Gwangmyeong_Gyeonggi_do
145,https://www.tripadvisor.co.kr/Attraction_Review-g612376-d5970299-Reviews-Mt_Mageumsan_Hot_Springs-Changwon_Gyeongsangnam_do.html#REVIEWS,Mt_Mageumsan_Hot_Springs-Changwon_Gyeongsangnam_do
146,https://www.tripadvisor.co.kr/Attraction_Review-g612376-d9569865-Reviews-The_House_of_Changwon-Changwon_Gyeongsangnam_do.html#REVIEWS,The_House_of_Changwon-Changwon_Gyeongsangnam_do
147,https://www.tripadvisor.co.kr/Attraction_Review-g612376-d7108007-Reviews-Changwon_Marine_Park-Changwon_Gyeongsangnam_do.html#REVIEWS,Changwon_Marine_Park-Changwon_Gyeongsangnam_do
148,https://www.tripadvisor.co.kr/Attraction_Review-g612376-d7987811-Reviews-Yongji_Munhwa_Park-Changwon_Gyeongsangnam_do.html#REVIEWS,Yongji_Munhwa_Park-Changwon_Gyeongsangnam_do
149,https://www.tripadvisor.co.kr/Attraction_Review-g1872665-d2076201-Reviews-DMZ-Paju_Gyeonggi_do.html#REVIEWS,DMZ-Paju_Gyeonggi_do
150,https://www.tripadvisor.co.kr/Attraction_Review-g1872665-d3805606-Reviews-The_Third_Tunnel-Paju_Gyeonggi_do.html#REVIEWS,The_Third_Tunnel-Paju_Gyeonggi_do
151,https://www.tripadvisor.co.kr/Attraction_Review-g1872665-d3164751-Reviews-Imjingak_Pyeonghoa_Nuri_Park-Paju_Gyeonggi_do.html#REVIEWS,Imjingak_Pyeonghoa_Nuri_Park-Paju_Gyeonggi_do
152,https://www.tripadvisor.co.kr/Attraction_Review-g1872665-d3805612-Reviews-Dora_Observatory-Paju_Gyeonggi_do.html#REVIEWS,Dora_Observatory-Paju_Gyeonggi_do
153,https://www.tripadvisor.co.kr/Attraction_Review-g1074123-d12631835-Reviews-Siheung_Premium_Outlets-Siheung_Gyeonggi_do.html#REVIEWS,Siheung_Premium_Outlets-Siheung_Gyeonggi_do
154,https://www.tripadvisor.co.kr/Attraction_Review-g297887-d11885374-Reviews-Daeheungdong_Culture_and_Art_Road-Daejeon.html#REVIEWS,Daeheungdong_Culture_and_Art_Road-Daejeon
155,https://www.tripadvisor.co.kr/Attraction_Review-g297887-d11850337-Reviews-Daeheungdong_Catholic_Church-Daejeon.html#REVIEWS,Daeheungdong_Catholic_Church-Daejeon
156,https://www.tripadvisor.co.kr/Attraction_Review-g1074321-d3808292-Reviews-Unheung_dong_Dangganjiju-Andong_Gyeongsangbuk_do.html#REVIEWS,Unheung_dong_Dangganjiju-Andong_Gyeongsangbuk_do
157,https://www.tripadvisor.co.kr/Attraction_Review-g294197-d6656809-Reviews-Korea_University-Seoul.html#REVIEWS,Korea_University-Seoul
158,https://www.tripadvisor.co.kr/Attraction_Review-g297886-d3387715-Reviews-Daegu_Arboretum-Daegu.html#REVIEWS,Daegu_Arboretum-Daegu
159,https://www.tripadvisor.co.kr/Attraction_Review-g297886-d7906157-Reviews-The_Arc-Daegu.html#REVIEWS,The_Arc-Daegu
160,https://www.tripadvisor.co.kr/Attraction_Review-g304129-d1880951-Reviews-Gwangju_Museum_of_Art-Gwangju.html#REVIEWS,Gwangju_Museum_of_Art-Gwangju
161,https://www.tripadvisor.co.kr/Attraction_Review-g304129-d7981396-Reviews-Jungoe_Park-Gwangju.html#REVIEWS,Jungoe_Park-Gwangju
162,https://www.tripadvisor.co.kr/Attraction_Review-g297885-d9755426-Reviews-Jeju_Museum_of_Art-Jeju_Jeju_Island.html#REVIEWS,Jeju_Museum_of_Art-Jeju_Jeju_Island
163,https://www.tripadvisor.co.kr/Attraction_Review-g294197-d1379963-Reviews-Bukchon_Hanok_Village-Seoul.html#REVIEWS,Bukchon_Hanok_Village-Seoul
164,https://www.tripadvisor.co.kr/Attraction_Review-g1143545-d2224863-Reviews-Jeonju_Hanok_Village-Jeonju_Jeollabuk_do.html#REVIEWS,Jeonju_Hanok_Village-Jeonju_Jeollabuk_do
165,https://www.tripadvisor.co.kr/Attraction_Review-g1143545-d3583968-Reviews-Omokdae_and_Imokdae-Jeonju_Jeollabuk_do.html#REVIEWS,Omokdae_and_Imokdae-Jeonju_Jeollabuk_do
166,https://www.tripadvisor.co.kr/Attraction_Review-g1143545-d3805436-Reviews-Jeondong_Catholic_Church-Jeonju_Jeollabuk_do.html#REVIEWS,Jeondong_Catholic_Church-Jeonju_Jeollabuk_do
167,https://www.tripadvisor.co.kr/Attraction_Review-g1143545-d3805544-Reviews-Gyeonggijeon_Shrine-Jeonju_Jeollabuk_do.html#REVIEWS,Gyeonggijeon_Shrine-Jeonju_Jeollabuk_do
168,https://www.tripadvisor.co.kr/Attraction_Review-g2024831-d2546638-Reviews-Damyang_Juknokwon-Damyang_gun_Jeollanam_do.html#REVIEWS,Damyang_Juknokwon-Damyang_gun_Jeollanam_do
169,https://www.tripadvisor.co.kr/Attraction_Review-g2024831-d9586413-Reviews-Metasequoia_lined_Road-Damyang_gun_Jeollanam_do.html#REVIEWS,Metasequoia_lined_Road-Damyang_gun_Jeollanam_do
170,https://www.tripadvisor.co.kr/Attraction_Review-g294197-d14767644-Reviews-Stretch_Angels_Carosugil_Flagsahip_Store-Seoul.html#REVIEWS,Stretch_Angels_Carosugil_Flagsahip_Store-Seoul
171,https://www.tripadvisor.co.kr/Attraction_Review-g317129-d775854-Reviews-Seoraksan_National_Park-Sokcho_Gangwon_do.html#REVIEWS,Seoraksan_National_Park-Sokcho_Gangwon_do
172,https://www.tripadvisor.co.kr/Attraction_Review-g294197-d554528-Reviews-Bukhansan_National_Park-Seoul.html#REVIEWS,Bukhansan_National_Park-Seoul
173,https://www.tripadvisor.co.kr/Attraction_Review-g297892-d4223908-Reviews-Songaksan_Mountain-Seogwipo_Jeju_Island.html#REVIEWS,Songaksan_Mountain-Seogwipo_Jeju_Island
174,https://www.tripadvisor.co.kr/Attraction_Review-g789433-d3694528-Reviews-Chiaksan_National_Park-Wonju_Gangwon_do.html#REVIEWS,Chiaksan_National_Park-Wonju_Gangwon_do
175,https://www.tripadvisor.co.kr/Attraction_Review-g297892-d550726-Reviews-Hallasan_National_Park-Seogwipo_Jeju_Island.html#REVIEWS,Hallasan_National_Park-Seogwipo_Jeju_Island
176,https://www.tripadvisor.co.kr/Attraction_Review-g297888-d320364-Reviews-Bulguksa_Temple-Gyeongju_Gyeongsangbuk_do.html#REVIEWS,Bulguksa_Temple-Gyeongju_Gyeongsangbuk_do
177,https://www.tripadvisor.co.kr/Attraction_Review-g297888-d1315481-Reviews-Bomun_Tourism_Complex-Gyeongju_Gyeongsangbuk_do.html#REVIEWS,Bomun_Tourism_Complex-Gyeongju_Gyeongsangbuk_do
178,https://www.tripadvisor.co.kr/Attraction_Review-g297888-d1315474-Reviews-Yangdong_Folk_Village-Gyeongju_Gyeongsangbuk_do.html#REVIEWS,Yangdong_Folk_Village-Gyeongju_Gyeongsangbuk_do
179,https://www.tripadvisor.co.kr/Attraction_Review-g1074108-d2190771-Reviews-Odongdo-Yeosu_Jeollanam_do.html#REVIEWS,Odongdo-Yeosu_Jeollanam_do
180,https://www.tripadvisor.co.kr/Attraction_Review-g1074108-d8610894-Reviews-Yeosu_Maritime_Cable_Car-Yeosu_Jeollanam_do.html#REVIEWS,Yeosu_Maritime_Cable_Car-Yeosu_Jeollanam_do
181,https://www.tripadvisor.co.kr/Attraction_Review-g297885-d8790325-Reviews-Geomunoreum-Jeju_Jeju_Island.html#REVIEWS,Geomunoreum-Jeju_Jeju_Island
182,https://www.tripadvisor.co.kr/Attraction_Review-g1074108-d6702939-Reviews-Aqua_Planet_Yeosu-Yeosu_Jeollanam_do.html#REVIEWS,Aqua_Planet_Yeosu-Yeosu_Jeollanam_do
183,https://www.tripadvisor.co.kr/Attraction_Review-g1074108-d3164630-Reviews-Yeosu_Fish_Market-Yeosu_Jeollanam_do.html#REVIEWS,Yeosu_Fish_Market-Yeosu_Jeollanam_do
184,https://www.tripadvisor.co.kr/Attraction_Review-g1074125-d1984782-Reviews-Herb_Island-Pocheon_Gyeonggi_do.html#REVIEWS,Herb_Island-Pocheon_Gyeonggi_do
185,https://www.tripadvisor.co.kr/Attraction_Review-g1074125-d3822080-Reviews-Pocheon_Art_Valley-Pocheon_Gyeonggi_do.html#REVIEWS,Pocheon_Art_Valley-Pocheon_Gyeonggi_do
186,https://www.tripadvisor.co.kr/Attraction_Review-g297886-d1993543-Reviews-Donghwasa-Daegu.html#REVIEWS,Donghwasa-Daegu
187,https://www.tripadvisor.co.kr/Attraction_Review-g2024845-d2475163-Reviews-Gatbawi-Gyeongsan_Gyeongsangbuk_do.html#REVIEWS,Gatbawi-Gyeongsan_Gyeongsangbuk_do
188,https://www.tripadvisor.co.kr/Attraction_Review-g297886-d12298875-Reviews-Palgongsan_Cable_Car-Daegu.html#REVIEWS,Palgongsan_Cable_Car-Daegu
189,https://www.tripadvisor.co.kr/Attraction_Review-g1074117-d7622561-Reviews-Gatbawi_Rock-Mokpo_Jeollanam_do.html#REVIEWS,Gatbawi_Rock-Mokpo_Jeollanam_do
190,https://www.tripadvisor.co.kr/Attraction_Review-g297893-d8743645-Reviews-Ganwoljae-Ulsan.html#REVIEWS,Ganwoljae-Ulsan
191,https://www.tripadvisor.co.kr/Attraction_Review-g297886-d10841442-Reviews-Yeongnam_Jeil_Gwan-Daegu.html#REVIEWS,Yeongnam_Jeil_Gwan-Daegu
192,https://www.tripadvisor.co.kr/Attraction_Review-g297893-d8745978-Reviews-Sinbulsan_Falls_Recreational_Forest-Ulsan.html#REVIEWS,Sinbulsan_Falls_Recreational_Forest-Ulsan
193,https://www.tripadvisor.co.kr/Attraction_Review-g2024872-d3805385-Reviews-Hongneung_Yureung-Namyangju_Gyeonggi_do.html#REVIEWS,Hongneung_Yureung-Namyangju_Gyeonggi_do
194,https://www.tripadvisor.co.kr/Attraction_Review-g2024872-d7108082-Reviews-Piano_Waterfall-Namyangju_Gyeonggi_do.html#REVIEWS,Piano_Waterfall-Namyangju_Gyeonggi_do
195,https://www.tripadvisor.co.kr/Attraction_Review-g2024872-d3805616-Reviews-Dasan_Heritage_Site-Namyangju_Gyeonggi_do.html#REVIEWS,Dasan_Heritage_Site-Namyangju_Gyeonggi_do
196,https://www.tripadvisor.co.kr/Attraction_Review-g2024872-d10897828-Reviews-Water_Garden-Namyangju_Gyeonggi_do.html#REVIEWS,Water_Garden-Namyangju_Gyeonggi_do
197,https://www.tripadvisor.co.kr/Attraction_Review-g297885-d10464467-Reviews-Jeju_Travel_Lucas-Jeju_Jeju_Island.html#REVIEWS,Jeju_Travel_Lucas-Jeju_Jeju_Island
198,https://www.tripadvisor.co.kr/Attraction_Review-g2024880-d12965812-Reviews-Galmi_Hangul_Park-Uiwang_Gyeonggi_do.html#REVIEWS,Galmi_Hangul_Park-Uiwang_Gyeonggi_do
199,https://www.tripadvisor.co.kr/Attraction_Review-g2024880-d3805546-Reviews-Cheonggyesa_Temple-Uiwang_Gyeonggi_do.html#REVIEWS,Cheonggyesa_Temple-Uiwang_Gyeonggi_do
200,https://www.tripadvisor.co.kr/Attraction_Review-g2024880-d7987614-Reviews-Uiwang_Nature_Learning_Park-Uiwang_Gyeonggi_do.html#REVIEWS,Uiwang_Nature_Learning_Park-Uiwang_Gyeonggi_do
201,https://www.tripadvisor.co.kr/Attraction_Review-g297886-d3161611-Reviews-Daegu_Yangnyeongsi_Museum_of_Oriental_Medicine-Daegu.html#REVIEWS,Daegu_Yangnyeongsi_Museum_of_Oriental_Medicine-Daegu
202,https://www.tripadvisor.co.kr/Attraction_Review-g297886-d3161599-Reviews-Daegu_Oriental_Medicine_Market-Daegu.html#REVIEWS,Daegu_Oriental_Medicine_Market-Daegu
203,https://www.tripadvisor.co.kr/Attraction_Review-g297886-d10020504-Reviews-Daegu_Yangnyeongsi_Herb_Medicine_Culture_Festival-Daegu.html#REVIEWS,Daegu_Yangnyeongsi_Herb_Medicine_Culture_Festival-Daegu
204,https://www.tripadvisor.co.kr/Attraction_Review-g294197-d12459260-Reviews-Seoullo_7017-Seoul.html#REVIEWS,Seoullo_7017-Seoul
205,https://www.tripadvisor.co.kr/Attraction_Review-g678593-d6197461-Reviews-Lotte_Cinema_Songtan-Pyeongtaek_Gyeonggi_do.html#REVIEWS,Lotte_Cinema_Songtan-Pyeongtaek_Gyeonggi_do
206,https://www.tripadvisor.co.kr/Attraction_Review-g1074321-d2282467-Reviews-Andong_Hahoe_Folk_Village-Andong_Gyeongsangbuk_do.html#REVIEWS,Andong_Hahoe_Folk_Village-Andong_Gyeongsangbuk_do
207,https://www.tripadvisor.co.kr/Attraction_Review-g1074321-d3682088-Reviews-Hahoe_Mask_Museum-Andong_Gyeongsangbuk_do.html#REVIEWS,Hahoe_Mask_Museum-Andong_Gyeongsangbuk_do
208,https://www.tripadvisor.co.kr/Attraction_Review-g1074321-d3805492-Reviews-Byeongsanseowon_Confucian_Academy-Andong_Gyeongsangbuk_do.html#REVIEWS,Byeongsanseowon_Confucian_Academy-Andong_Gyeongsangbuk_do
209,https://www.tripadvisor.co.kr/Attraction_Review-g1595961-d3805622-Reviews-Oeam_Folk_Village-Asan_Chungcheongnam_do.html#REVIEWS,Oeam_Folk_Village-Asan_Chungcheongnam_do
210,https://www.tripadvisor.co.kr/Attraction_Review-g297889-d4412682-Reviews-Sorae_Pogu-Incheon.html#REVIEWS,Sorae_Pogu-Incheon
211,https://www.tripadvisor.co.kr/Attraction_Review-g297889-d4412675-Reviews-Incheon_Complex_Fish_Market-Incheon.html#REVIEWS,Incheon_Complex_Fish_Market-Incheon
212,https://www.tripadvisor.co.kr/Attraction_Review-g297887-d10821864-Reviews-Skyroad-Daejeon.html#REVIEWS,Skyroad-Daejeon
213,https://www.tripadvisor.co.kr/Attraction_Review-g297886-d4095643-Reviews-Apsan_Park-Daegu.html#REVIEWS,Apsan_Park-Daegu
214,https://www.tripadvisor.co.kr/Attraction_Review-g297886-d2194163-Reviews-Daegu_Duryu_Park-Daegu.html#REVIEWS,Daegu_Duryu_Park-Daegu
215,https://www.tripadvisor.co.kr/Attraction_Review-g297889-d9736303-Reviews-Incheon_Football_Stadium-Incheon.html#REVIEWS,Incheon_Football_Stadium-Incheon
216,https://www.tripadvisor.co.kr/Attraction_Review-g297889-d3821900-Reviews-Incheon_Munhak_Stadium-Incheon.html#REVIEWS,Incheon_Munhak_Stadium-Incheon
217,https://www.tripadvisor.co.kr/Attraction_Review-g297889-d2273405-Reviews-Jeondeungsa_Temple-Incheon.html#REVIEWS,Jeondeungsa_Temple-Incheon
218,https://www.tripadvisor.co.kr/Attraction_Review-g297889-d1757013-Reviews-Ganghwa_Peace_Observatory-Incheon.html#REVIEWS,Ganghwa_Peace_Observatory-Incheon
219,https://www.tripadvisor.co.kr/Attraction_Review-g297889-d3805567-Reviews-Chamseongdan_Altar-Incheon.html#REVIEWS,Chamseongdan_Altar-Incheon
220,https://www.tripadvisor.co.kr/Attraction_Review-g1074321-d3805587-Reviews-Andong_Folk_Village-Andong_Gyeongsangbuk_do.html#REVIEWS,Andong_Folk_Village-Andong_Gyeongsangbuk_do
221,https://www.tripadvisor.co.kr/Attraction_Review-g297892-d2045845-Reviews-Jeju_Folk_Village_Jeju_Minsokchon-Seogwipo_Jeju_Island.html#REVIEWS,Jeju_Folk_Village_Jeju_Minsokchon-Seogwipo_Jeju_Island
222,https://www.tripadvisor.co.kr/Attraction_Review-g297886-d4427697-Reviews-Korea_Video_Museum-Daegu.html#REVIEWS,Korea_Video_Museum-Daegu
223,https://www.tripadvisor.co.kr/Attraction_Review-g294197-d10523465-Reviews-Lotte_Cinema_Gimpo_Airport-Seoul.html#REVIEWS,Lotte_Cinema_Gimpo_Airport-Seoul
224,https://www.tripadvisor.co.kr/Attraction_Review-g2024871-d3805465-Reviews-Jangneung-Gimpo_Gyeonggi_do.html#REVIEWS,Jangneung-Gimpo_Gyeonggi_do
225,https://www.tripadvisor.co.kr/Attraction_Review-g294197-d13436805-Reviews-Gimpo_International_Airport_Observatory_Deck-Seoul.html#REVIEWS,Gimpo_International_Airport_Observatory_Deck-Seoul
226,https://www.tripadvisor.co.kr/Attraction_Review-g2024875-d12958689-Reviews-Nari_Park-Yangju_Gyeonggi_do.html#REVIEWS,Nari_Park-Yangju_Gyeonggi_do
227,https://www.tripadvisor.co.kr/Attraction_Review-g294197-d7154939-Reviews-Cheongdam_Fashion_Street-Seoul.html#REVIEWS,Cheongdam_Fashion_Street-Seoul
228,https://www.tripadvisor.co.kr/Attraction_Review-g790146-d4413789-Reviews-Japanese_style_House_in_Sinheung_dong_Hirotsu_House-Gunsan_Jeollabuk_do.html#REVIEWS,Japanese_style_House_in_Sinheung_dong_Hirotsu_House-Gunsan_Jeollabuk_do
229,https://www.tripadvisor.co.kr/Attraction_Review-g790146-d8093383-Reviews-Eunpa_Lake_Park-Gunsan_Jeollabuk_do.html#REVIEWS,Eunpa_Lake_Park-Gunsan_Jeollabuk_do
230,https://www.tripadvisor.co.kr/Attraction_Review-g790146-d8874607-Reviews-Gunsan_Modern_Architecture_Exhibition_Hall-Gunsan_Jeollabuk_do.html#REVIEWS,Gunsan_Modern_Architecture_Exhibition_Hall-Gunsan_Jeollabuk_do
231,https://www.tripadvisor.co.kr/Attraction_Review-g790146-d12986935-Reviews-Gunsan_Modern_History_Museum-Gunsan_Jeollabuk_do.html#REVIEWS,Gunsan_Modern_History_Museum-Gunsan_Jeollabuk_do
232,https://www.tripadvisor.co.kr/Attraction_Review-g790146-d4323892-Reviews-Dongguksa_Temple-Gunsan_Jeollabuk_do.html#REVIEWS,Dongguksa_Temple-Gunsan_Jeollabuk_do
233,https://www.tripadvisor.co.kr/Attraction_Review-g1510776-d9570003-Reviews-Windy_Hill-Geoje_Gyeongsangnam_do.html#REVIEWS,Windy_Hill-Geoje_Gyeongsangnam_do
234,https://www.tripadvisor.co.kr/Attraction_Review-g1047890-d4413930-Reviews-Uirimji_Lake-Jecheon_Chungcheongbuk_do.html#REVIEWS,Uirimji_Lake-Jecheon_Chungcheongbuk_do
235,https://www.tripadvisor.co.kr/Attraction_Review-g1047890-d6160786-Reviews-Semyung_University-Jecheon_Chungcheongbuk_do.html#REVIEWS,Semyung_University-Jecheon_Chungcheongbuk_do
236,https://www.tripadvisor.co.kr/Attraction_Review-g2024856-d12298892-Reviews-Birabong_Jecheondan-Yeongcheon_Gyeongsangbuk_do.html#REVIEWS,Birabong_Jecheondan-Yeongcheon_Gyeongsangbuk_do
237,https://www.tripadvisor.co.kr/Attraction_Review-g297884-d3901349-Reviews-Gamcheon_Culture_Village-Busan.html#REVIEWS,Gamcheon_Culture_Village-Busan
238,https://www.tripadvisor.co.kr/Attraction_Review-g297884-d14021852-Reviews-Gamcheon_Munhwamaeul_Haneul_Maru_Jeonmangdae-Busan.html#REVIEWS,Gamcheon_Munhwamaeul_Haneul_Maru_Jeonmangdae-Busan
239,https://www.tripadvisor.co.kr/Attraction_Review-g294197-d1551271-Reviews-Namsangol_Hanok_Village-Seoul.html#REVIEWS,Namsangol_Hanok_Village-Seoul
240,https://www.tripadvisor.co.kr/Attraction_Review-g297893-d3694728-Reviews-Taehwa_River_Seepri_Bamboo_Grove-Ulsan.html#REVIEWS,Taehwa_River_Seepri_Bamboo_Grove-Ulsan
241,https://www.tripadvisor.co.kr/Attraction_Review-g297893-d3694532-Reviews-Daewangam_Park-Ulsan.html#REVIEWS,Daewangam_Park-Ulsan
242,https://www.tripadvisor.co.kr/Attraction_Review-g297893-d10126778-Reviews-Ilsan_Beach-Ulsan.html#REVIEWS,Ilsan_Beach-Ulsan
243,https://www.tripadvisor.co.kr/Attraction_Review-g297884-d1605137-Reviews-Gwangalli_Beach-Busan.html#REVIEWS,Gwangalli_Beach-Busan
244,https://www.tripadvisor.co.kr/Attraction_Review-g297885-d4504781-Reviews-Hyeopjae_Beach-Jeju_Jeju_Island.html#REVIEWS,Hyeopjae_Beach-Jeju_Jeju_Island
245,https://www.tripadvisor.co.kr/Attraction_Review-g1047895-d10376455-Reviews-Tangeum_Lake-Chungju_Chungcheongbuk_do.html#REVIEWS,Tangeum_Lake-Chungju_Chungcheongbuk_do
246,https://www.tripadvisor.co.kr/Attraction_Review-g1047895-d8592154-Reviews-Chungju_World_Martial_Arts_Park-Chungju_Chungcheongbuk_do.html#REVIEWS,Chungju_World_Martial_Arts_Park-Chungju_Chungcheongbuk_do
247,https://www.tripadvisor.co.kr/Attraction_Review-g1047895-d13998719-Reviews-Chungju_Light_World-Chungju_Chungcheongbuk_do.html#REVIEWS,Chungju_Light_World-Chungju_Chungcheongbuk_do
248,https://www.tripadvisor.co.kr/Attraction_Review-g1047895-d4095596-Reviews-Chungju_Museum-Chungju_Chungcheongbuk_do.html#REVIEWS,Chungju_Museum-Chungju_Chungcheongbuk_do
249,https://www.tripadvisor.co.kr/Attraction_Review-g1074123-d8761852-Reviews-Oido_Red_Lighthouse-Siheung_Gyeonggi_do.html#REVIEWS,Oido_Red_Lighthouse-Siheung_Gyeonggi_do
250,https://www.tripadvisor.co.kr/Attraction_Review-g297889-d3822019-Reviews-Sorae_Ecology_Park-Incheon.html#REVIEWS,Sorae_Ecology_Park-Incheon
251,https://www.tripadvisor.co.kr/Attraction_Review-g1074123-d17423885-Reviews-Siheung_Lotus_Flower_Theme_Park-Siheung_Gyeonggi_do.html#REVIEWS,Siheung_Lotus_Flower_Theme_Park-Siheung_Gyeonggi_do
252,https://www.tripadvisor.co.kr/Attraction_Review-g297887-d6904739-Reviews-Daejeon_O_World-Daejeon.html#REVIEWS,Daejeon_O_World-Daejeon
253,https://www.tripadvisor.co.kr/Attraction_Review-g304129-d554544-Reviews-World_Cup_Stadium-Gwangju.html#REVIEWS,World_Cup_Stadium-Gwangju
254,https://www.tripadvisor.co.kr/Attraction_Review-g1643550-d2293588-Reviews-Nam_June_Paik_Art_Center-Yongin_Gyeonggi_do.html#REVIEWS,Nam_June_Paik_Art_Center-Yongin_Gyeonggi_do
255,https://www.tripadvisor.co.kr/Attraction_Review-g304129-d2224837-Reviews-May_18th_National_Cemetery-Gwangju.html#REVIEWS,May_18th_National_Cemetery-Gwangju
256,https://www.tripadvisor.co.kr/Attraction_Review-g304129-d6570670-Reviews-Gwangju_Folk_Museum-Gwangju.html#REVIEWS,Gwangju_Folk_Museum-Gwangju
257,https://www.tripadvisor.co.kr/Attraction_Review-g304129-d4504749-Reviews-Gwangjuho_Lake_Eco_Park-Gwangju.html#REVIEWS,Gwangjuho_Lake_Eco_Park-Gwangju
258,https://www.tripadvisor.co.kr/Attraction_Review-g294197-d7717393-Reviews-SMTOWN_coexartium-Seoul.html#REVIEWS,SMTOWN_coexartium-Seoul
259,https://www.tripadvisor.co.kr/Attraction_Review-g297884-d7065541-Reviews-Jangsan_Mountain-Busan.html#REVIEWS,Jangsan_Mountain-Busan
260,https://www.tripadvisor.co.kr/Attraction_Review-g2024818-d2417398-Reviews-Naejangsan_National_Park-Sunchang_gun_Jeollabuk_do.html#REVIEWS,Naejangsan_National_Park-Sunchang_gun_Jeollabuk_do
261,https://www.tripadvisor.co.kr/Attraction_Review-g2024823-d2477484-Reviews-Naejangsa_Temple-Jeongeup_Jeollabuk_do.html#REVIEWS,Naejangsa_Temple-Jeongeup_Jeollabuk_do
262,https://www.tripadvisor.co.kr/Attraction_Review-g2024823-d13155821-Reviews-World_Heritage_Network-Jeongeup_Jeollabuk_do.html#REVIEWS,World_Heritage_Network-Jeongeup_Jeollabuk_do
263,https://www.tripadvisor.co.kr/Attraction_Review-g294197-d14920138-Reviews-Naejangsan_Paradise_Park_Colorful_Leaves_Adventure-Seoul.html#REVIEWS,Naejangsan_Paradise_Park_Colorful_Leaves_Adventure-Seoul
264,https://www.tripadvisor.co.kr/Attraction_Review-g294197-d4211970-Reviews-Kyobo_Book_Store_Gwanghwamun-Seoul.html#REVIEWS,Kyobo_Book_Store_Gwanghwamun-Seoul
265,https://www.tripadvisor.co.kr/Attraction_Review-g294197-d4438728-Reviews-Cinecube_Kwanghwamun-Seoul.html#REVIEWS,Cinecube_Kwanghwamun-Seoul
266,https://www.tripadvisor.co.kr/Attraction_Review-g294197-d2269011-Reviews-Munmyo-Seoul.html#REVIEWS,Munmyo-Seoul
267,https://www.tripadvisor.co.kr/Attraction_Review-g1872665-d3164715-Reviews-Paju_Provence_Village-Paju_Gyeonggi_do.html#REVIEWS,Paju_Provence_Village-Paju_Gyeonggi_do
268,https://www.tripadvisor.co.kr/Attraction_Review-g1872665-d3164711-Reviews-Paju_Book_City-Paju_Gyeonggi_do.html#REVIEWS,Paju_Book_City-Paju_Gyeonggi_do
269,https://www.tripadvisor.co.kr/Attraction_Review-g1872665-d1891506-Reviews-Heyri_Art_Village-Paju_Gyeonggi_do.html#REVIEWS,Heyri_Art_Village-Paju_Gyeonggi_do
270,https://www.tripadvisor.co.kr/Attraction_Review-g2024866-d2041648-Reviews-Seoul_Grand_Park-Gwacheon_Gyeonggi_do.html#REVIEWS,Seoul_Grand_Park-Gwacheon_Gyeonggi_do
271,https://www.tripadvisor.co.kr/Attraction_Review-g294197-d592490-Reviews-Seoul_Children_s_Grand_Park-Seoul.html#REVIEWS,Seoul_Children_s_Grand_Park-Seoul
272,https://www.tripadvisor.co.kr/Attraction_Review-g2024865-d3805504-Reviews-Bukhansanseong_Fortress-Goyang_Gyeonggi_do.html#REVIEWS,Bukhansanseong_Fortress-Goyang_Gyeonggi_do
273,https://www.tripadvisor.co.kr/Attraction_Review-g294197-d3805519-Reviews-Jingwansa_Temple-Seoul.html#REVIEWS,Jingwansa_Temple-Seoul
274,https://www.tripadvisor.co.kr/Attraction_Review-g294197-d561808-Reviews-Seoul_World_Cup_Stadium-Seoul.html#REVIEWS,Seoul_World_Cup_Stadium-Seoul
275,https://www.tripadvisor.co.kr/Attraction_Review-g294197-d4094861-Reviews-Haneul_Park-Seoul.html#REVIEWS,Haneul_Park-Seoul
276,https://www.tripadvisor.co.kr/Attraction_Review-g790146-d12257371-Reviews-Gyeongamdong_Railroad_Town-Gunsan_Jeollabuk_do.html#REVIEWS,Gyeongamdong_Railroad_Town-Gunsan_Jeollabuk_do
277,https://www.tripadvisor.co.kr/Attraction_Review-g1074141-d6208730-Reviews-Mangsang_Beac-Donghae_Gangwon_do.html#REVIEWS,Mangsang_Beac-Donghae_Gangwon_do
278,https://www.tripadvisor.co.kr/Attraction_Review-g317126-d3938069-Reviews-Gyeongpo_Beach-Gangneung_Gangwon_do.html#REVIEWS,Gyeongpo_Beach-Gangneung_Gangwon_do
279,https://www.tripadvisor.co.kr/Attraction_Review-g1074141-d6208734-Reviews-Chuam_Beach-Donghae_Gangwon_do.html#REVIEWS,Chuam_Beach-Donghae_Gangwon_do
280,https://www.tripadvisor.co.kr/Attraction_Review-g1819774-d3805532-Reviews-Naesosa_Temple-Buan_gun_Jeollabuk_do.html#REVIEWS,Naesosa_Temple-Buan_gun_Jeollabuk_do
281,https://www.tripadvisor.co.kr/Attraction_Review-g1819774-d4094682-Reviews-Buan_Celadon_Museum-Buan_gun_Jeollabuk_do.html#REVIEWS,Buan_Celadon_Museum-Buan_gun_Jeollabuk_do
282,https://www.tripadvisor.co.kr/Attraction_Review-g297884-d2233935-Reviews-BEXCO_Busan_Exhibition_Convention_Center-Busan.html#REVIEWS,BEXCO_Busan_Exhibition_Convention_Center-Busan
283,https://www.tripadvisor.co.kr/Attraction_Review-g297884-d1891507-Reviews-Busan_Museum_of_Art-Busan.html#REVIEWS,Busan_Museum_of_Art-Busan
284,https://www.tripadvisor.co.kr/Attraction_Review-g735660-d2478954-Reviews-Jinjuseong-Jinju_Gyeongsangnam_do.html#REVIEWS,Jinjuseong-Jinju_Gyeongsangnam_do
285,https://www.tripadvisor.co.kr/Attraction_Review-g297884-d1552284-Reviews-Taejongdae-Busan.html#REVIEWS,Taejongdae-Busan
286,https://www.tripadvisor.co.kr/Attraction_Review-g297884-d10517145-Reviews-Taejongdae_Resort_Park-Busan.html#REVIEWS,Taejongdae_Resort_Park-Busan
287,https://www.tripadvisor.co.kr/Attraction_Review-g297884-d4095922-Reviews-Taejongdae_Oncheon-Busan.html#REVIEWS,Taejongdae_Oncheon-Busan
288,https://www.tripadvisor.co.kr/Attraction_Review-g297884-d3381669-Reviews-National_Maritime_Museum-Busan.html#REVIEWS,National_Maritime_Museum-Busan
289,https://www.tripadvisor.co.kr/Attraction_Review-g297884-d4095642-Reviews-Amnam_Park-Busan.html#REVIEWS,Amnam_Park-Busan
290,https://www.tripadvisor.co.kr/Attraction_Review-g294197-d4096226-Reviews-Mapo_Art_Center-Seoul.html#REVIEWS,Mapo_Art_Center-Seoul
291,https://www.tripadvisor.co.kr/Attraction_Review-g294197-d9587015-Reviews-Mapodaegyo_Bridge-Seoul.html#REVIEWS,Mapodaegyo_Bridge-Seoul
292,https://www.tripadvisor.co.kr/Attraction_Review-g294197-d11434444-Reviews-Kukkiwon_World_Taekwondo_Headquarters-Seoul.html#REVIEWS,Kukkiwon_World_Taekwondo_Headquarters-Seoul
293,https://www.tripadvisor.co.kr/Attraction_Review-g297884-d7357028-Reviews-Busan_Station_Tourist_Information_Center-Busan.html#REVIEWS,Busan_Station_Tourist_Information_Center-Busan
294,https://www.tripadvisor.co.kr/Attraction_Review-g297884-d3805502-Reviews-Busan_China_Town-Busan.html#REVIEWS,Busan_China_Town-Busan
295,https://www.tripadvisor.co.kr/Attraction_Review-g297884-d3218823-Reviews-Busan_City_Tour_Bus-Busan.html#REVIEWS,Busan_City_Tour_Bus-Busan
296,https://www.tripadvisor.co.kr/Attraction_Review-g297885-d2202425-Reviews-Jeolmul_Natural_Forest_Resort-Jeju_Jeju_Island.html#REVIEWS,Jeolmul_Natural_Forest_Resort-Jeju_Jeju_Island
297,https://www.tripadvisor.co.kr/Attraction_Review-g297887-d10399733-Reviews-Jangtaesan_Natural_Forest-Daejeon.html#REVIEWS,Jangtaesan_Natural_Forest-Daejeon
298,https://www.tripadvisor.co.kr/Attraction_Review-g2024864-d4095633-Reviews-Kalbongsan_Recreational_Forest-Gapyeong_gun_Gyeonggi_do.html#REVIEWS,Kalbongsan_Recreational_Forest-Gapyeong_gun_Gyeonggi_do
299,https://www.tripadvisor.co.kr/Attraction_Review-g2023529-d7987595-Reviews-Daedunsan_Natural_Recreation_Forest-Geumsan_gun_Chungcheongnam_do.html#REVIEWS,Daedunsan_Natural_Recreation_Forest-Geumsan_gun_Chungcheongnam_do
300,https://www.tripadvisor.co.kr/Attraction_Review-g844468-d5073556-Reviews-Hallyeo_National_Marine_Park_View_Ropeway-Tongyeong_Gyeongsangnam_do.html#REVIEWS,Hallyeo_National_Marine_Park_View_Ropeway-Tongyeong_Gyeongsangnam_do
301,https://www.tripadvisor.co.kr/Attraction_Review-g1074117-d3164525-Reviews-Yudal_Mountain-Mokpo_Jeollanam_do.html#REVIEWS,Yudal_Mountain-Mokpo_Jeollanam_do
302,https://www.tripadvisor.co.kr/Attraction_Review-g1074117-d6409758-Reviews-Yudalsan_Sculpture_Park-Mokpo_Jeollanam_do.html#REVIEWS,Yudalsan_Sculpture_Park-Mokpo_Jeollanam_do
303,https://www.tripadvisor.co.kr/Attraction_Review-g1074117-d6384093-Reviews-Mokpo_Bridge-Mokpo_Jeollanam_do.html#REVIEWS,Mokpo_Bridge-Mokpo_Jeollanam_do
304,https://www.tripadvisor.co.kr/Attraction_Review-g676092-d2571669-Reviews-Homigot_Sunrise_Plaza-Pohang_Gyeongsangbuk_do.html#REVIEWS,Homigot_Sunrise_Plaza-Pohang_Gyeongsangbuk_do
305,https://www.tripadvisor.co.kr/Attraction_Review-g297889-d3821718-Reviews-Incheon_Bridge-Incheon.html#REVIEWS,Incheon_Bridge-Incheon
306,https://www.tripadvisor.co.kr/Attraction_Review-g297889-d3682086-Reviews-Incheon_Grand_Park-Incheon.html#REVIEWS,Incheon_Grand_Park-Incheon
307,https://www.tripadvisor.co.kr/Attraction_Review-g297889-d324948-Reviews-The_Memorial_Hall_for_Incheon_Landing_Operation-Incheon.html#REVIEWS,The_Memorial_Hall_for_Incheon_Landing_Operation-Incheon
308,https://www.tripadvisor.co.kr/Attraction_Review-g294197-d2476788-Reviews-D_Cube_City-Seoul.html#REVIEWS,D_Cube_City-Seoul
309,https://www.tripadvisor.co.kr/Attraction_Review-g297884-d1576537-Reviews-Haedong_Yonggung_Temple-Busan.html#REVIEWS,Haedong_Yonggung_Temple-Busan
310,https://www.tripadvisor.co.kr/Attraction_Review-g297889-d3805399-Reviews-Yonggungsa_Temple-Incheon.html#REVIEWS,Yonggungsa_Temple-Incheon
311,https://www.tripadvisor.co.kr/Attraction_Review-g297884-d615908-Reviews-Beomeosa_Temple-Busan.html#REVIEWS,Beomeosa_Temple-Busan
312,https://www.tripadvisor.co.kr/Attraction_Review-g297884-d5229270-Reviews-Songjeong_Beach-Busan.html#REVIEWS,Songjeong_Beach-Busan
313,https://www.tripadvisor.co.kr/Attraction_Review-g297893-d3694399-Reviews-Ulsan_Grand_Park-Ulsan.html#REVIEWS,Ulsan_Grand_Park-Ulsan
314,https://www.tripadvisor.co.kr/Attraction_Review-g317129-d3808309-Reviews-Ulsanbawi_Rock-Sokcho_Gangwon_do.html#REVIEWS,Ulsanbawi_Rock-Sokcho_Gangwon_do
315,https://www.tripadvisor.co.kr/Attraction_Review-g297893-d2626401-Reviews-Ulsan_Museum-Ulsan.html#REVIEWS,Ulsan_Museum-Ulsan
316,https://www.tripadvisor.co.kr/Attraction_Review-g294197-d4084344-Reviews-Seoul_City_Hall-Seoul.html#REVIEWS,Seoul_City_Hall-Seoul
317,https://www.tripadvisor.co.kr/Attraction_Review-g294197-d1960138-Reviews-Culture_Station_Seoul_284-Seoul.html#REVIEWS,Culture_Station_Seoul_284-Seoul
318,https://www.tripadvisor.co.kr/Attraction_Review-g294197-d3322253-Reviews-KTX_Korea_Train_Express-Seoul.html#REVIEWS,KTX_Korea_Train_Express-Seoul
319,https://www.tripadvisor.co.kr/Attraction_Review-g304129-d3642749-Reviews-Gwangju_National_Museum-Gwangju.html#REVIEWS,Gwangju_National_Museum-Gwangju
320,https://www.tripadvisor.co.kr/Attraction_Review-g294197-d4438740-Reviews-Daehan_Kukjang-Seoul.html#REVIEWS,Daehan_Kukjang-Seoul
321,https://www.tripadvisor.co.kr/Attraction_Review-g294197-d8121688-Reviews-Chungmuro_Pet_Street-Seoul.html#REVIEWS,Chungmuro_Pet_Street-Seoul
322,https://www.tripadvisor.co.kr/Attraction_Review-g294197-d592484-Reviews-Statue_of_Admiral_Yi_Sun_Sin-Seoul.html#REVIEWS,Statue_of_Admiral_Yi_Sun_Sin-Seoul
323,https://www.tripadvisor.co.kr/Attraction_Review-g294197-d2194168-Reviews-Seoul_Metro-Seoul.html#REVIEWS,Seoul_Metro-Seoul
324,https://www.tripadvisor.co.kr/Attraction_Review-g2024849-d8029022-Reviews-Mungyeongsaejae_KBS_Drama_Studio-Mungyeong_Gyeongsangbuk_do.html#REVIEWS,Mungyeongsaejae_KBS_Drama_Studio-Mungyeong_Gyeongsangbuk_do
325,https://www.tripadvisor.co.kr/Attraction_Review-g2024849-d4504788-Reviews-Mungyeong_Saejae_Provincial_Park-Mungyeong_Gyeongsangbuk_do.html#REVIEWS,Mungyeong_Saejae_Provincial_Park-Mungyeong_Gyeongsangbuk_do
326,https://www.tripadvisor.co.kr/Attraction_Review-g1048061-d3423010-Reviews-Freedom_Protection_Peace_Museum-Dongducheon_Gyeonggi_do.html#REVIEWS,Freedom_Protection_Peace_Museum-Dongducheon_Gyeonggi_do
327,https://www.tripadvisor.co.kr/Attraction_Review-g1048061-d3422988-Reviews-Jajaeam_Temple-Dongducheon_Gyeonggi_do.html#REVIEWS,Jajaeam_Temple-Dongducheon_Gyeonggi_do
328,https://www.tripadvisor.co.kr/Attraction_Review-g1048061-d16660997-Reviews-Statue_of_Peace-Dongducheon_Gyeonggi_do.html#REVIEWS,Statue_of_Peace-Dongducheon_Gyeonggi_do
329,https://www.tripadvisor.co.kr/Attraction_Review-g1048061-d4095467-Reviews-Donggwang_Geukjang-Dongducheon_Gyeonggi_do.html#REVIEWS,Donggwang_Geukjang-Dongducheon_Gyeonggi_do
330,https://www.tripadvisor.co.kr/Attraction_Review-g641718-d3805508-Reviews-Uijeongbu_Budaejjigae_Street-Uijeongbu_Gyeonggi_do.html#REVIEWS,Uijeongbu_Budaejjigae_Street-Uijeongbu_Gyeonggi_do
331,https://www.tripadvisor.co.kr/Attraction_Review-g641718-d7980762-Reviews-Uijeongbu_City_Hall-Uijeongbu_Gyeonggi_do.html#REVIEWS,Uijeongbu_City_Hall-Uijeongbu_Gyeonggi_do
332,https://www.tripadvisor.co.kr/Attraction_Review-g641718-d10270853-Reviews-Uijeongbu_Jeil_Market-Uijeongbu_Gyeonggi_do.html#REVIEWS,Uijeongbu_Jeil_Market-Uijeongbu_Gyeonggi_do
333,https://www.tripadvisor.co.kr/Attraction_Review-g641718-d12587913-Reviews-Uijeongbu_Indoor_Ice_Rink-Uijeongbu_Gyeonggi_do.html#REVIEWS,Uijeongbu_Indoor_Ice_Rink-Uijeongbu_Gyeonggi_do
334,https://www.tripadvisor.co.kr/Attraction_Review-g1074131-d3805634-Reviews-Haemee_Eupseong_Fortress-Seosan_Chungcheongnam_do.html#REVIEWS,Haemee_Eupseong_Fortress-Seosan_Chungcheongnam_do
335,https://www.tripadvisor.co.kr/Attraction_Review-g608520-d3694515-Reviews-Gangchon_Rail_Park-Chuncheon_Gangwon_do.html#REVIEWS,Gangchon_Rail_Park-Chuncheon_Gangwon_do
336,https://www.tripadvisor.co.kr/Attraction_Review-g297889-d4095662-Reviews-Incheon_Jayu_Park-Incheon.html#REVIEWS,Incheon_Jayu_Park-Incheon
337,https://www.tripadvisor.co.kr/Attraction_Review-g297889-d3822038-Reviews-Gyeyangsan_Mountain-Incheon.html#REVIEWS,Gyeyangsan_Mountain-Incheon
338,https://www.tripadvisor.co.kr/Attraction_Review-g2018509-d4427671-Reviews-Yanggu_Prehistory_Museum-Yanggu_gun_Gangwon_do.html#REVIEWS,Yanggu_Prehistory_Museum-Yanggu_gun_Gangwon_do
339,https://www.tripadvisor.co.kr/Attraction_Review-g2018509-d8449302-Reviews-Yanggu_Modern_History_Museum-Yanggu_gun_Gangwon_do.html#REVIEWS,Yanggu_Modern_History_Museum-Yanggu_gun_Gangwon_do
340,https://www.tripadvisor.co.kr/Attraction_Review-g2018509-d3805379-Reviews-The_4th_Tunnel-Yanggu_gun_Gangwon_do.html#REVIEWS,The_4th_Tunnel-Yanggu_gun_Gangwon_do
341,https://www.tripadvisor.co.kr/Attraction_Review-g1138011-d6847826-Reviews-Dumulmeori-Yangpyeong_gun_Gyeonggi_do.html#REVIEWS,Dumulmeori-Yangpyeong_gun_Gyeonggi_do
342,https://www.tripadvisor.co.kr/Attraction_Review-g1138011-d8024428-Reviews-Semiwon-Yangpyeong_gun_Gyeonggi_do.html#REVIEWS,Semiwon-Yangpyeong_gun_Gyeonggi_do
343,https://www.tripadvisor.co.kr/Attraction_Review-g2024872-d3423250-Reviews-Sujongsa_Temple-Namyangju_Gyeonggi_do.html#REVIEWS,Sujongsa_Temple-Namyangju_Gyeonggi_do
344,https://www.tripadvisor.co.kr/Attraction_Review-g297892-d2487434-Reviews-Yongmeori_Beach-Seogwipo_Jeju_Island.html#REVIEWS,Yongmeori_Beach-Seogwipo_Jeju_Island
345,https://www.tripadvisor.co.kr/Attraction_Review-g1138011-d12269272-Reviews-Yangpyeong_Rail_Bike-Yangpyeong_gun_Gyeonggi_do.html#REVIEWS,Yangpyeong_Rail_Bike-Yangpyeong_gun_Gyeonggi_do
346,https://www.tripadvisor.co.kr/Attraction_Review-g294197-d1169465-Reviews-N_Seoul_Tower-Seoul.html#REVIEWS,N_Seoul_Tower-Seoul
347,https://www.tripadvisor.co.kr/Attraction_Review-g294197-d4798711-Reviews-Seoul_Forest-Seoul.html#REVIEWS,Seoul_Forest-Seoul
348,https://www.tripadvisor.co.kr/Attraction_Review-g608520-d3805458-Reviews-Cheongpyeongsa_Temple-Chuncheon_Gangwon_do.html#REVIEWS,Cheongpyeongsa_Temple-Chuncheon_Gangwon_do
349,https://www.tripadvisor.co.kr/Attraction_Review-g2024864-d4504784-Reviews-Cheongpyeong_Lake-Gapyeong_gun_Gyeonggi_do.html#REVIEWS,Cheongpyeong_Lake-Gapyeong_gun_Gyeonggi_do
350,https://www.tripadvisor.co.kr/Attraction_Review-g2024864-d4094588-Reviews-Cheongpyeong_Natural_Recreational_Forest-Gapyeong_gun_Gyeonggi_do.html#REVIEWS,Cheongpyeong_Natural_Recreational_Forest-Gapyeong_gun_Gyeonggi_do
351,https://www.tripadvisor.co.kr/Attraction_Review-g608520-d2190762-Reviews-Soyang_Lake-Chuncheon_Gangwon_do.html#REVIEWS,Soyang_Lake-Chuncheon_Gangwon_do
352,https://www.tripadvisor.co.kr/Attraction_Review-g294197-d2203080-Reviews-Trickeye_Museum_Seoul-Seoul.html#REVIEWS,Trickeye_Museum_Seoul-Seoul
353,https://www.tripadvisor.co.kr/Attraction_Review-g2024871-d8769907-Reviews-Hyundai_Premium_Outlet_Gimpo-Gimpo_Gyeonggi_do.html#REVIEWS,Hyundai_Premium_Outlet_Gimpo-Gimpo_Gyeonggi_do
354,https://www.tripadvisor.co.kr/Attraction_Review-g1074107-d3209597-Reviews-Nagan_Eupseong_Folk_Village-Suncheon_Jeollanam_do.html#REVIEWS,Nagan_Eupseong_Folk_Village-Suncheon_Jeollanam_do
355,https://www.tripadvisor.co.kr/Attraction_Review-g1074107-d1903766-Reviews-Suncheon_Bay_Wetland_Reserve-Suncheon_Jeollanam_do.html#REVIEWS,Suncheon_Bay_Wetland_Reserve-Suncheon_Jeollanam_do
356,https://www.tripadvisor.co.kr/Attraction_Review-g1074107-d6787152-Reviews-Suncheon_Open_Film_Set-Suncheon_Jeollanam_do.html#REVIEWS,Suncheon_Open_Film_Set-Suncheon_Jeollanam_do
357,https://www.tripadvisor.co.kr/Attraction_Review-g1074107-d4747316-Reviews-Suncheon_Japanese_Castle-Suncheon_Jeollanam_do.html#REVIEWS,Suncheon_Japanese_Castle-Suncheon_Jeollanam_do
358,https://www.tripadvisor.co.kr/Attraction_Review-g1074107-d7244490-Reviews-Suncheon_Bay_Garden-Suncheon_Jeollanam_do.html#REVIEWS,Suncheon_Bay_Garden-Suncheon_Jeollanam_do
359,https://www.tripadvisor.co.kr/Attraction_Review-g297887-d11875807-Reviews-Daejeon_Metro-Daejeon.html#REVIEWS,Daejeon_Metro-Daejeon
360,https://www.tripadvisor.co.kr/Attraction_Review-g297887-d4095625-Reviews-Hanbat_Arboretum-Daejeon.html#REVIEWS,Hanbat_Arboretum-Daejeon
361,https://www.tripadvisor.co.kr/Attraction_Review-g1074129-d4504783-Reviews-Dacheon_Beach-Boryeong_Chungcheongnam_do.html#REVIEWS,Dacheon_Beach-Boryeong_Chungcheongnam_do
362,https://www.tripadvisor.co.kr/Attraction_Review-g1138012-d10720310-Reviews-Anyang_Central_Underground_Mall-Anyang_Gyeonggi_do.html#REVIEWS,Anyang_Central_Underground_Mall-Anyang_Gyeonggi_do
363,https://www.tripadvisor.co.kr/Attraction_Review-g294197-d7028449-Reviews-Gwanaksan_Mountain-Seoul.html#REVIEWS,Gwanaksan_Mountain-Seoul
364,https://www.tripadvisor.co.kr/Attraction_Review-g1138012-d4096143-Reviews-Anyang_Gidok_Baekhwajeom-Anyang_Gyeonggi_do.html#REVIEWS,Anyang_Gidok_Baekhwajeom-Anyang_Gyeonggi_do
365,https://www.tripadvisor.co.kr/Attraction_Review-g1138012-d4096151-Reviews-Saejong_Takgoojang-Anyang_Gyeonggi_do.html#REVIEWS,Saejong_Takgoojang-Anyang_Gyeonggi_do
366,https://www.tripadvisor.co.kr/Attraction_Review-g2024871-d14789738-Reviews-Laveniche_March_Avenue-Gimpo_Gyeonggi_do.html#REVIEWS,Laveniche_March_Avenue-Gimpo_Gyeonggi_do
367,https://www.tripadvisor.co.kr/Attraction_Review-g2023529-d10020506-Reviews-Geumsan_Ginseng_Festival-Geumsan_gun_Chungcheongnam_do.html#REVIEWS,Geumsan_Ginseng_Festival-Geumsan_gun_Chungcheongnam_do
368,https://www.tripadvisor.co.kr/Attraction_Review-g297888-d6569894-Reviews-Seongdong_Market-Gyeongju_Gyeongsangbuk_do.html#REVIEWS,Seongdong_Market-Gyeongju_Gyeongsangbuk_do
369,https://www.tripadvisor.co.kr/Attraction_Review-g294197-d7264066-Reviews-Suseongdong_Valley-Seoul.html#REVIEWS,Suseongdong_Valley-Seoul
370,https://www.tripadvisor.co.kr/Attraction_Review-g294197-d325043-Reviews-National_Museum_of_Korea-Seoul.html#REVIEWS,National_Museum_of_Korea-Seoul
371,https://www.tripadvisor.co.kr/Attraction_Review-g1131919-d2478900-Reviews-Magoksa_Temple-Gongju_Chungcheongnam_do.html#REVIEWS,Magoksa_Temple-Gongju_Chungcheongnam_do
372,https://www.tripadvisor.co.kr/Attraction_Review-g2023530-d7987773-Reviews-Dangjin_Port_Tourism_Organization-Dangjin_Chungcheongnam_do.html#REVIEWS,Dangjin_Port_Tourism_Organization-Dangjin_Chungcheongnam_do
373,https://www.tripadvisor.co.kr/Attraction_Review-g2023535-d7061431-Reviews-National_Institute_of_Ecology-Seocheon_gun_Chungcheongnam_do.html#REVIEWS,National_Institute_of_Ecology-Seocheon_gun_Chungcheongnam_do
374,https://www.tripadvisor.co.kr/Attraction_Review-g297886-d7115968-Reviews-83_Tower-Daegu.html#REVIEWS,83_Tower-Daegu
375,https://www.tripadvisor.co.kr/Attraction_Review-g297886-d3164588-Reviews-E_World-Daegu.html#REVIEWS,E_World-Daegu
376,https://www.tripadvisor.co.kr/Attraction_Review-g2024855-d5541273-Reviews-Yeongju_Insam_Museum-Yeongju_Gyeongsangbuk_do.html#REVIEWS,Yeongju_Insam_Museum-Yeongju_Gyeongsangbuk_do
377,https://www.tripadvisor.co.kr/Attraction_Review-g2024855-d3805543-Reviews-Yeongju_Museom_Village-Yeongju_Gyeongsangbuk_do.html#REVIEWS,Yeongju_Museom_Village-Yeongju_Gyeongsangbuk_do
378,https://www.tripadvisor.co.kr/Attraction_Review-g294197-d1862199-Reviews-Myeongdong_Seocobulhanjeungmag-Seoul.html#REVIEWS,Myeongdong_Seocobulhanjeungmag-Seoul
379,https://www.tripadvisor.co.kr/Attraction_Review-g2018512-d9996589-Reviews-Wondaeri_Birch_Forest-Inje_gun_Gangwon_do.html#REVIEWS,Wondaeri_Birch_Forest-Inje_gun_Gangwon_do
380,https://www.tripadvisor.co.kr/Attraction_Review-g2018512-d3805447-Reviews-Baekdamsa_Temple-Inje_gun_Gangwon_do.html#REVIEWS,Baekdamsa_Temple-Inje_gun_Gangwon_do
381,https://www.tripadvisor.co.kr/Attraction_Review-g2018512-d10049900-Reviews-Pilrye_Mineral_Spring-Inje_gun_Gangwon_do.html#REVIEWS,Pilrye_Mineral_Spring-Inje_gun_Gangwon_do
382,https://www.tripadvisor.co.kr/Attraction_Review-g2092512-d3805401-Reviews-Icheon_Ceramics_Village-Icheon_Gyeonggi_do.html#REVIEWS,Icheon_Ceramics_Village-Icheon_Gyeonggi_do
383,https://www.tripadvisor.co.kr/Attraction_Review-g2092512-d1128999-Reviews-Icheon_Termeden-Icheon_Gyeonggi_do.html#REVIEWS,Icheon_Termeden-Icheon_Gyeonggi_do
384,https://www.tripadvisor.co.kr/Attraction_Review-g2092512-d2405270-Reviews-Icheon_World_Ceramics_Center-Icheon_Gyeonggi_do.html#REVIEWS,Icheon_World_Ceramics_Center-Icheon_Gyeonggi_do
385,https://www.tripadvisor.co.kr/Attraction_Review-g2092512-d4094772-Reviews-Icheon_City_Museum-Icheon_Gyeonggi_do.html#REVIEWS,Icheon_City_Museum-Icheon_Gyeonggi_do
386,https://www.tripadvisor.co.kr/Attraction_Review-g1544596-d6876673-Reviews-Dodamsambong_Peaks-Danyang_gun_Chungcheongbuk_do.html#REVIEWS,Dodamsambong_Peaks-Danyang_gun_Chungcheongbuk_do
387,https://www.tripadvisor.co.kr/Attraction_Review-g1544596-d4097380-Reviews-Guinsa_Temple-Danyang_gun_Chungcheongbuk_do.html#REVIEWS,Guinsa_Temple-Danyang_gun_Chungcheongbuk_do
388,https://www.tripadvisor.co.kr/Attraction_Review-g1544596-d3823675-Reviews-Gosu_Cave-Danyang_gun_Chungcheongbuk_do.html#REVIEWS,Gosu_Cave-Danyang_gun_Chungcheongbuk_do
389,https://www.tripadvisor.co.kr/Attraction_Review-g1544596-d13086586-Reviews-Danyang_Market-Danyang_gun_Chungcheongbuk_do.html#REVIEWS,Danyang_Market-Danyang_gun_Chungcheongbuk_do
390,https://www.tripadvisor.co.kr/Attraction_Review-g1544596-d4749951-Reviews-Danuri_Aquarium-Danyang_gun_Chungcheongbuk_do.html#REVIEWS,Danuri_Aquarium-Danyang_gun_Chungcheongbuk_do
391,https://www.tripadvisor.co.kr/Attraction_Review-g294197-d4095671-Reviews-Yonsei_University_Museum-Seoul.html#REVIEWS,Yonsei_University_Museum-Seoul
392,https://www.tripadvisor.co.kr/Attraction_Review-g294197-d13138039-Reviews-Yonsei_University_Sinchon_Campus-Seoul.html#REVIEWS,Yonsei_University_Sinchon_Campus-Seoul
393,https://www.tripadvisor.co.kr/Attraction_Review-g294197-d1862191-Reviews-Ewha_Womans_University-Seoul.html#REVIEWS,Ewha_Womans_University-Seoul
394,https://www.tripadvisor.co.kr/Attraction_Review-g294197-d3808305-Reviews-Yeonsero_Yonsei_University_Street-Seoul.html#REVIEWS,Yeonsero_Yonsei_University_Street-Seoul
395,https://www.tripadvisor.co.kr/Attraction_Review-g1138011-d4095411-Reviews-Jungmisan_Mountain_Recreational_Forest-Yangpyeong_gun_Gyeonggi_do.html#REVIEWS,Jungmisan_Mountain_Recreational_Forest-Yangpyeong_gun_Gyeonggi_do
396,https://www.tripadvisor.co.kr/Attraction_Review-g1074106-d3805575-Reviews-Naju_Pear_Museum-Naju_Jeollanam_do.html#REVIEWS,Naju_Pear_Museum-Naju_Jeollanam_do
397,https://www.tripadvisor.co.kr/Attraction_Review-g1074106-d13861577-Reviews-Naju_National_Museum-Naju_Jeollanam_do.html#REVIEWS,Naju_National_Museum-Naju_Jeollanam_do
398,https://www.tripadvisor.co.kr/Attraction_Review-g1074106-d14135468-Reviews-Naju_Geumseonggwan-Naju_Jeollanam_do.html#REVIEWS,Naju_Geumseonggwan-Naju_Jeollanam_do
399,https://www.tripadvisor.co.kr/Attraction_Review-g1074106-d15054422-Reviews-Bichgalam_Hosu_Gongwon_Jeonmangdae-Naju_Jeollanam_do.html#REVIEWS,Bichgalam_Hosu_Gongwon_Jeonmangdae-Naju_Jeollanam_do
400,https://www.tripadvisor.co.kr/Attraction_Review-g1074106-d15054600-Reviews-Naju_Student_Independence_Movement_Memorial_Hall-Naju_Jeollanam_do.html#REVIEWS,Naju_Student_Independence_Movement_Memorial_Hall-Naju_Jeollanam_do
401,https://www.tripadvisor.co.kr/Attraction_Review-g1510776-d4095645-Reviews-Geoje_Okpo_Battle_Memorial_Park-Geoje_Gyeongsangnam_do.html#REVIEWS,Geoje_Okpo_Battle_Memorial_Park-Geoje_Gyeongsangnam_do
402,https://www.tripadvisor.co.kr/Attraction_Review-g1510776-d4440089-Reviews-Geoje_Museum-Geoje_Gyeongsangnam_do.html#REVIEWS,Geoje_Museum-Geoje_Gyeongsangnam_do
403,https://www.tripadvisor.co.kr/Attraction_Review-g674638-d10288033-Reviews-Imjinseong_Fortress-Namhae_gun_Gyeongsangnam_do.html#REVIEWS,Imjinseong_Fortress-Namhae_gun_Gyeongsangnam_do
404,https://www.tripadvisor.co.kr/Attraction_Review-g294197-d6352852-Reviews-Mecenatpolis_Mall-Seoul.html#REVIEWS,Mecenatpolis_Mall-Seoul
405,https://www.tripadvisor.co.kr/Attraction_Review-g294197-d10523515-Reviews-Lotte_Cinema_Hapjeong-Seoul.html#REVIEWS,Lotte_Cinema_Hapjeong-Seoul
406,https://www.tripadvisor.co.kr/Attraction_Review-g294197-d1958940-Reviews-Hongik_University_Street-Seoul.html#REVIEWS,Hongik_University_Street-Seoul
407,https://www.tripadvisor.co.kr/Attraction_Review-g317126-d2194711-Reviews-Chodang_Sundubu_Village-Gangneung_Gangwon_do.html#REVIEWS,Chodang_Sundubu_Village-Gangneung_Gangwon_do
408,https://www.tripadvisor.co.kr/Attraction_Review-g294197-d4438563-Reviews-Sungsin_Bowling-Seoul.html#REVIEWS,Sungsin_Bowling-Seoul
409,https://www.tripadvisor.co.kr/Attraction_Review-g297889-d3822048-Reviews-Bupyeong_Station_Underground_Shopping_Mall-Incheon.html#REVIEWS,Bupyeong_Station_Underground_Shopping_Mall-Incheon
410,https://www.tripadvisor.co.kr/Attraction_Review-g297884-d2219112-Reviews-Bupyeong_Market-Busan.html#REVIEWS,Bupyeong_Market-Busan
411,https://www.tripadvisor.co.kr/Attraction_Review-g297884-d8591964-Reviews-Bupyeong_Kkangtong_Market-Busan.html#REVIEWS,Bupyeong_Kkangtong_Market-Busan
412,https://www.tripadvisor.co.kr/Attraction_Review-g297889-d8120246-Reviews-Bupyeong_Yeoksa_Shopping_Mall-Incheon.html#REVIEWS,Bupyeong_Yeoksa_Shopping_Mall-Incheon
413,https://www.tripadvisor.co.kr/Attraction_Review-g297889-d9755529-Reviews-Bupyeong_Market-Incheon.html#REVIEWS,Bupyeong_Market-Incheon
414,https://www.tripadvisor.co.kr/Attraction_Review-g294197-d2067901-Reviews-Beautiplex_Myeongdong-Seoul.html#REVIEWS,Beautiplex_Myeongdong-Seoul
415,https://www.tripadvisor.co.kr/Attraction_Review-g297884-d8121635-Reviews-Busan_Gimhae_Light_Rail_Transit-Busan.html#REVIEWS,Busan_Gimhae_Light_Rail_Transit-Busan
416,https://www.tripadvisor.co.kr/Attraction_Review-g297884-d4095632-Reviews-Maekdo_Ecological_Park-Busan.html#REVIEWS,Maekdo_Ecological_Park-Busan
417,https://www.tripadvisor.co.kr/Attraction_Review-g790146-d4504780-Reviews-Old_Gunsan_Custom_House-Gunsan_Jeollabuk_do.html#REVIEWS,Old_Gunsan_Custom_House-Gunsan_Jeollabuk_do
418,https://www.tripadvisor.co.kr/Attraction_Review-g294197-d7264107-Reviews-GOTO_Mall-Seoul.html#REVIEWS,GOTO_Mall-Seoul
419,https://www.tripadvisor.co.kr/Attraction_Review-g294197-d12538661-Reviews-Express_Bus_Terminal_Shopping_Center-Seoul.html#REVIEWS,Express_Bus_Terminal_Shopping_Center-Seoul
420,https://www.tripadvisor.co.kr/Attraction_Review-g294197-d3568803-Reviews-Banpodaegyo_Bridge-Seoul.html#REVIEWS,Banpodaegyo_Bridge-Seoul
421,https://www.tripadvisor.co.kr/Attraction_Review-g678593-d12871287-Reviews-Pyeongtaek_International_Central_Market-Pyeongtaek_Gyeonggi_do.html#REVIEWS,Pyeongtaek_International_Central_Market-Pyeongtaek_Gyeonggi_do
422,https://www.tripadvisor.co.kr/Attraction_Review-g2150164-d1231030-Reviews-Tongdosa_Temple-Yangsan_Gyeongsangnam_do.html#REVIEWS,Tongdosa_Temple-Yangsan_Gyeongsangnam_do
423,https://www.tripadvisor.co.kr/Attraction_Review-g2150164-d12034100-Reviews-Tongdo_Fantasia-Yangsan_Gyeongsangnam_do.html#REVIEWS,Tongdo_Fantasia-Yangsan_Gyeongsangnam_do
424,https://www.tripadvisor.co.kr/Attraction_Review-g2150164-d4427646-Reviews-Tongdosa_Seongbo_Museum-Yangsan_Gyeongsangnam_do.html#REVIEWS,Tongdosa_Seongbo_Museum-Yangsan_Gyeongsangnam_do
425,https://www.tripadvisor.co.kr/Attraction_Review-g317126-d4608666-Reviews-Jeongdongjin_Beach-Gangneung_Gangwon_do.html#REVIEWS,Jeongdongjin_Beach-Gangneung_Gangwon_do
426,https://www.tripadvisor.co.kr/Attraction_Review-g294197-d553213-Reviews-Seoul_Daehangno-Seoul.html#REVIEWS,Seoul_Daehangno-Seoul
427,https://www.tripadvisor.co.kr/Attraction_Review-g297884-d2422422-Reviews-Busan_National_University_Daehak_ro-Busan.html#REVIEWS,Busan_National_University_Daehak_ro-Busan
428,https://www.tripadvisor.co.kr/Attraction_Review-g294197-d4095685-Reviews-Naksan_Park-Seoul.html#REVIEWS,Naksan_Park-Seoul
429,https://www.tripadvisor.co.kr/Attraction_Review-g294197-d592520-Reviews-Marronnier_Park-Seoul.html#REVIEWS,Marronnier_Park-Seoul
430,https://www.tripadvisor.co.kr/Attraction_Review-g297889-d3805608-Reviews-Sudoguksan_Museum_of_Housing_and_Living-Incheon.html#REVIEWS,Sudoguksan_Museum_of_Housing_and_Living-Incheon
431,https://www.tripadvisor.co.kr/Attraction_Review-g297889-d8481964-Reviews-Sinpo_International_Market-Incheon.html#REVIEWS,Sinpo_International_Market-Incheon
432,https://www.tripadvisor.co.kr/Attraction_Review-g294197-d8693250-Reviews-Mokdong_Stadium-Seoul.html#REVIEWS,Mokdong_Stadium-Seoul
433,https://www.tripadvisor.co.kr/Attraction_Review-g297885-d2337348-Reviews-Eco_Land_Theme_Park-Jeju_Jeju_Island.html#REVIEWS,Eco_Land_Theme_Park-Jeju_Jeju_Island
434,https://www.tripadvisor.co.kr/Attraction_Review-g297892-d12788893-Reviews-Shinhwa_Theme_Park-Seogwipo_Jeju_Island.html#REVIEWS,Shinhwa_Theme_Park-Seogwipo_Jeju_Island
435,https://www.tripadvisor.co.kr/Attraction_Review-g674638-d8093399-Reviews-German_Village-Namhae_gun_Gyeongsangnam_do.html#REVIEWS,German_Village-Namhae_gun_Gyeongsangnam_do
436,https://www.tripadvisor.co.kr/Attraction_Review-g674638-d5971968-Reviews-Daraengi_Village-Namhae_gun_Gyeongsangnam_do.html#REVIEWS,Daraengi_Village-Namhae_gun_Gyeongsangnam_do
437,https://www.tripadvisor.co.kr/Attraction_Review-g661419-d3805409-Reviews-Gimhae_National_Museum-Gimhae_Gyeongsangnam_do.html#REVIEWS,Gimhae_National_Museum-Gimhae_Gyeongsangnam_do
438,https://www.tripadvisor.co.kr/Attraction_Review-g297884-d8121598-Reviews-Gimhae_Int_l_Airport_International_Terminal_Tourist_Information_Center-Busan.html#REVIEWS,Gimhae_Int_l_Airport_International_Terminal_Tourist_Information_Center-Busan
439,https://www.tripadvisor.co.kr/Attraction_Review-g661419-d3805637-Reviews-Tomb_of_King_Suro-Gimhae_Gyeongsangnam_do.html#REVIEWS,Tomb_of_King_Suro-Gimhae_Gyeongsangnam_do
440,https://www.tripadvisor.co.kr/Attraction_Review-g661419-d9587035-Reviews-Gimhae_Gaya_Theme_Park-Gimhae_Gyeongsangnam_do.html#REVIEWS,Gimhae_Gaya_Theme_Park-Gimhae_Gyeongsangnam_do
441,https://www.tripadvisor.co.kr/Attraction_Review-g304129-d4095268-Reviews-Kimdaejoong_Convention_Center-Gwangju.html#REVIEWS,Kimdaejoong_Convention_Center-Gwangju
442,https://www.tripadvisor.co.kr/Attraction_Review-g2018511-d6226824-Reviews-Byeolmaro_Observatory-Yeongwol_gun_Gangwon_do.html#REVIEWS,Byeolmaro_Observatory-Yeongwol_gun_Gangwon_do
443,https://www.tripadvisor.co.kr/Attraction_Review-g2018511-d3805605-Reviews-Jangneung-Yeongwol_gun_Gangwon_do.html#REVIEWS,Jangneung-Yeongwol_gun_Gangwon_do
444,https://www.tripadvisor.co.kr/Attraction_Review-g2018511-d3808295-Reviews-Cheongnyeongpo_Cape-Yeongwol_gun_Gangwon_do.html#REVIEWS,Cheongnyeongpo_Cape-Yeongwol_gun_Gangwon_do
445,https://www.tripadvisor.co.kr/Attraction_Review-g2018511-d4095567-Reviews-Yeongwol_Insectarium-Yeongwol_gun_Gangwon_do.html#REVIEWS,Yeongwol_Insectarium-Yeongwol_gun_Gangwon_do
446,https://www.tripadvisor.co.kr/Attraction_Review-g2018511-d3808290-Reviews-Korean_Peninsula_shaped_Cliffs_Seonam_Village-Yeongwol_gun_Gangwon_do.html#REVIEWS,Korean_Peninsula_shaped_Cliffs_Seonam_Village-Yeongwol_gun_Gangwon_do
447,https://www.tripadvisor.co.kr/Attraction_Review-g2024873-d7161461-Reviews-Seongnam_Jungang_Park-Seongnam_Gyeonggi_do.html#REVIEWS,Seongnam_Jungang_Park-Seongnam_Gyeonggi_do
448,https://www.tripadvisor.co.kr/Attraction_Review-g2024873-d8556107-Reviews-Yuldong_Park-Seongnam_Gyeonggi_do.html#REVIEWS,Yuldong_Park-Seongnam_Gyeonggi_do
449,https://www.tripadvisor.co.kr/Attraction_Review-g2024873-d3805390-Reviews-Jeongja_dong_Cafe_Street-Seongnam_Gyeonggi_do.html#REVIEWS,Jeongja_dong_Cafe_Street-Seongnam_Gyeonggi_do
450,https://www.tripadvisor.co.kr/Attraction_Review-g294197-d554537-Reviews-The_War_Memorial_of_Korea-Seoul.html#REVIEWS,The_War_Memorial_of_Korea-Seoul
451,https://www.tripadvisor.co.kr/Attraction_Review-g294197-d1958930-Reviews-Korea_House-Seoul.html#REVIEWS,Korea_House-Seoul
452,https://www.tripadvisor.co.kr/Attraction_Review-g297884-d669986-Reviews-SEA_LIFE_Busan_Aquarium-Busan.html#REVIEWS,SEA_LIFE_Busan_Aquarium-Busan
453,https://www.tripadvisor.co.kr/Attraction_Review-g297884-d1605555-Reviews-BIFF_Square-Busan.html#REVIEWS,BIFF_Square-Busan
454,https://www.tripadvisor.co.kr/Attraction_Review-g297884-d7644179-Reviews-Nampo_Underground_Shopping_Center-Busan.html#REVIEWS,Nampo_Underground_Shopping_Center-Busan
455,https://www.tripadvisor.co.kr/Attraction_Review-g297884-d7372651-Reviews-Yeongdodaegyo_Bridge-Busan.html#REVIEWS,Yeongdodaegyo_Bridge-Busan
456,https://www.tripadvisor.co.kr/Attraction_Review-g297884-d1954398-Reviews-Gwangbokro_Culture_and_Fashion_street-Busan.html#REVIEWS,Gwangbokro_Culture_and_Fashion_street-Busan
457,https://www.tripadvisor.co.kr/Attraction_Review-g2024800-d10020497-Reviews-Goesan_Red_Pepper_Festival-Goesan_gun_Chungcheongbuk_do.html#REVIEWS,Goesan_Red_Pepper_Festival-Goesan_gun_Chungcheongbuk_do
458,https://www.tripadvisor.co.kr/Attraction_Review-g2024800-d3682292-Reviews-Sanmagi_Yetgil-Goesan_gun_Chungcheongbuk_do.html#REVIEWS,Sanmagi_Yetgil-Goesan_gun_Chungcheongbuk_do
459,https://www.tripadvisor.co.kr/Attraction_Review-g2024800-d2232586-Reviews-Suok_Falls-Goesan_gun_Chungcheongbuk_do.html#REVIEWS,Suok_Falls-Goesan_gun_Chungcheongbuk_do
460,https://www.tripadvisor.co.kr/Attraction_Review-g2024800-d4094771-Reviews-Gwaesan_Cheonggyeol_Gochu_Museum-Goesan_gun_Chungcheongbuk_do.html#REVIEWS,Gwaesan_Cheonggyeol_Gochu_Museum-Goesan_gun_Chungcheongbuk_do
461,https://www.tripadvisor.co.kr/Attraction_Review-g297884-d2337251-Reviews-Seomyeon_Underground_Shopping_Center-Busan.html#REVIEWS,Seomyeon_Underground_Shopping_Center-Busan
462,https://www.tripadvisor.co.kr/Attraction_Review-g297884-d2337247-Reviews-Seomyeon_Food_Alley-Busan.html#REVIEWS,Seomyeon_Food_Alley-Busan
463,https://www.tripadvisor.co.kr/Attraction_Review-g297884-d12577086-Reviews-Game_Of_Minds_Seomyeon-Busan.html#REVIEWS,Game_Of_Minds_Seomyeon-Busan
464,https://www.tripadvisor.co.kr/Attraction_Review-g297884-d3243059-Reviews-Bujeon_Market-Busan.html#REVIEWS,Bujeon_Market-Busan
465,https://www.tripadvisor.co.kr/Attraction_Review-g2018514-d7065647-Reviews-Goseokjeong-Cheorwon_gun_Gangwon_do.html#REVIEWS,Goseokjeong-Cheorwon_gun_Gangwon_do
466,https://www.tripadvisor.co.kr/Attraction_Review-g2018514-d2530320-Reviews-Nodongdangsa-Cheorwon_gun_Gangwon_do.html#REVIEWS,Nodongdangsa-Cheorwon_gun_Gangwon_do
467,https://www.tripadvisor.co.kr/Attraction_Review-g2018514-d7065623-Reviews-Cheorwon_Peace_Observatory-Cheorwon_gun_Gangwon_do.html#REVIEWS,Cheorwon_Peace_Observatory-Cheorwon_gun_Gangwon_do
468,https://www.tripadvisor.co.kr/Attraction_Review-g2018514-d3805466-Reviews-The_2nd_Tunnel-Cheorwon_gun_Gangwon_do.html#REVIEWS,The_2nd_Tunnel-Cheorwon_gun_Gangwon_do
469,https://www.tripadvisor.co.kr/Attraction_Review-g2018514-d4087590-Reviews-Cheorwon_Culture_Welfare_Center-Cheorwon_gun_Gangwon_do.html#REVIEWS,Cheorwon_Culture_Welfare_Center-Cheorwon_gun_Gangwon_do
470,https://www.tripadvisor.co.kr/Attraction_Review-g294197-d4798710-Reviews-Songpa_Naru_Park-Seoul.html#REVIEWS,Songpa_Naru_Park-Seoul
471,https://www.tripadvisor.co.kr/Attraction_Review-g294197-d592658-Reviews-Olympic_Park-Seoul.html#REVIEWS,Olympic_Park-Seoul
472,https://www.tripadvisor.co.kr/Attraction_Review-g294197-d9795152-Reviews-Rock_Star_Climbing_Songpa_Daily_Experience-Seoul.html#REVIEWS,Rock_Star_Climbing_Songpa_Daily_Experience-Seoul
473,https://www.tripadvisor.co.kr/Attraction_Review-g297884-d4750282-Reviews-Bosudong_Book_Street-Busan.html#REVIEWS,Bosudong_Book_Street-Busan
474,https://www.tripadvisor.co.kr/Attraction_Review-g2024866-d3164771-Reviews-National_Gwacheon_Science_Museum-Gwacheon_Gyeonggi_do.html#REVIEWS,National_Gwacheon_Science_Museum-Gwacheon_Gyeonggi_do
475,https://www.tripadvisor.co.kr/Attraction_Review-g2024866-d325048-Reviews-MMCA_National_Museum_of_Modern_and_Contemporary_Art_Korea-Gwacheon_Gyeonggi_do.html#REVIEWS,MMCA_National_Museum_of_Modern_and_Contemporary_Art_Korea-Gwacheon_Gyeonggi_do
476,https://www.tripadvisor.co.kr/Attraction_Review-g2024866-d3164769-Reviews-LetsRun_Park_Seoul_Seoul_Racecourse_Park-Gwacheon_Gyeonggi_do.html#REVIEWS,LetsRun_Park_Seoul_Seoul_Racecourse_Park-Gwacheon_Gyeonggi_do
477,https://www.tripadvisor.co.kr/Attraction_Review-g294197-d7154940-Reviews-Bangsan_Market-Seoul.html#REVIEWS,Bangsan_Market-Seoul
478,https://www.tripadvisor.co.kr/Attraction_Review-g294197-d8737878-Reviews-Grevin_Museum-Seoul.html#REVIEWS,Grevin_Museum-Seoul
479,https://www.tripadvisor.co.kr/Attraction_Review-g294197-d1962594-Reviews-Lotte_Department_Store_Main-Seoul.html#REVIEWS,Lotte_Department_Store_Main-Seoul
480,https://www.tripadvisor.co.kr/Attraction_Review-g294197-d1163226-Reviews-Jungbu_Market-Seoul.html#REVIEWS,Jungbu_Market-Seoul
481,https://www.tripadvisor.co.kr/Attraction_Review-g297889-d4438773-Reviews-Yonghwa_Gongan_MegaDVD-Incheon.html#REVIEWS,Yonghwa_Gongan_MegaDVD-Incheon
482,https://www.tripadvisor.co.kr/Attraction_Review-g2024865-d9715918-Reviews-Hanwha_Aqua_Planet_Ilsan-Goyang_Gyeonggi_do.html#REVIEWS,Hanwha_Aqua_Planet_Ilsan-Goyang_Gyeonggi_do
483,https://www.tripadvisor.co.kr/Attraction_Review-g1074135-d3808316-Reviews-Yeongnamnu_Pavilion-Miryang_Gyeongsangnam_do.html#REVIEWS,Yeongnamnu_Pavilion-Miryang_Gyeongsangnam_do
484,https://www.tripadvisor.co.kr/Attraction_Review-g1074135-d3805454-Reviews-Pyochungsa_Temple-Miryang_Gyeongsangnam_do.html#REVIEWS,Pyochungsa_Temple-Miryang_Gyeongsangnam_do
485,https://www.tripadvisor.co.kr/Attraction_Review-g1074135-d4438775-Reviews-Miryang_City_Museum-Miryang_Gyeongsangnam_do.html#REVIEWS,Miryang_City_Museum-Miryang_Gyeongsangnam_do
486,https://www.tripadvisor.co.kr/Attraction_Review-g1074135-d14987791-Reviews-Eoreumgol_Valley-Miryang_Gyeongsangnam_do.html#REVIEWS,Eoreumgol_Valley-Miryang_Gyeongsangnam_do
487,https://www.tripadvisor.co.kr/Attraction_Review-g297885-d1747359-Reviews-Mysterious_Road_Dokkaebi_Road-Jeju_Jeju_Island.html#REVIEWS,Mysterious_Road_Dokkaebi_Road-Jeju_Jeju_Island
488,https://www.tripadvisor.co.kr/Attraction_Review-g2150160-d320367-Reviews-Haeinsa_Temple-Hapcheon_Gun_Gyeongsangnam_do.html#REVIEWS,Haeinsa_Temple-Hapcheon_Gun_Gyeongsangnam_do
489,https://www.tripadvisor.co.kr/Attraction_Review-g2150160-d4094734-Reviews-Haeinsa_Seongbo_Museum-Hapcheon_Gun_Gyeongsangnam_do.html#REVIEWS,Haeinsa_Seongbo_Museum-Hapcheon_Gun_Gyeongsangnam_do
490,https://www.tripadvisor.co.kr/Attraction_Review-g2150160-d4094763-Reviews-Hapcheon_ImageThema_Park-Hapcheon_Gun_Gyeongsangnam_do.html#REVIEWS,Hapcheon_ImageThema_Park-Hapcheon_Gun_Gyeongsangnam_do
491,https://www.tripadvisor.co.kr/Attraction_Review-g1074107-d3164651-Reviews-Songgwangsa_Temple-Suncheon_Jeollanam_do.html#REVIEWS,Songgwangsa_Temple-Suncheon_Jeollanam_do
492,https://www.tripadvisor.co.kr/Attraction_Review-g2368557-d3694433-Reviews-Jirisan_National_Park-Hadong_gun_Gyeongsangnam_do.html#REVIEWS,Jirisan_National_Park-Hadong_gun_Gyeongsangnam_do
493,https://www.tripadvisor.co.kr/Attraction_Review-g2024829-d4094896-Reviews-Hwaeomsa_Temple-Gurye_gun_Jeollanam_do.html#REVIEWS,Hwaeomsa_Temple-Gurye_gun_Jeollanam_do
494,https://www.tripadvisor.co.kr/Attraction_Review-g297884-d6732915-Reviews-Samgwangsa_Temple-Busan.html#REVIEWS,Samgwangsa_Temple-Busan
495,https://www.tripadvisor.co.kr/Attraction_Review-g297884-d1954401-Reviews-Geumjung_Mt_fortress-Busan.html#REVIEWS,Geumjung_Mt_fortress-Busan
496,https://www.tripadvisor.co.kr/Attraction_Review-g297884-d7980877-Reviews-Beomeosa_Sungbo_Museum-Busan.html#REVIEWS,Beomeosa_Sungbo_Museum-Busan
497,https://www.tripadvisor.co.kr/Attraction_Review-g297884-d1954400-Reviews-Geumgang_Park-Busan.html#REVIEWS,Geumgang_Park-Busan
498,https://www.tripadvisor.co.kr/Attraction_Review-g1072104-d615842-Reviews-Hallyeohaesang_National_Park-Gyeongsangnam_do.html#REVIEWS,Hallyeohaesang_National_Park-Gyeongsangnam_do
499,https://www.tripadvisor.co.kr/Attraction_Review-g2023539-d8667174-Reviews-Anmyeondo_Island_Recreational_Forest-Taean_gun_Chungcheongnam_do.html#REVIEWS,Anmyeondo_Island_Recreational_Forest-Taean_gun_Chungcheongnam_do
500,https://www.tripadvisor.co.kr/Attraction_Review-g294197-d7028430-Reviews-Yangjae_Citizens_Park-Seoul.html#REVIEWS,Yangjae_Citizens_Park-Seoul
501,https://www.tripadvisor.co.kr/Attraction_Review-g294197-d7154845-Reviews-Yangjae_Flower_Market_Center-Seoul.html#REVIEWS,Yangjae_Flower_Market_Center-Seoul
502,https://www.tripadvisor.co.kr/Attraction_Review-g297885-d15674949-Reviews-Jeju_Taxi_Tour_Best-Jeju_Jeju_Island.html#REVIEWS,Jeju_Taxi_Tour_Best-Jeju_Jeju_Island
503,https://www.tripadvisor.co.kr/Attraction_Review-g294197-d324907-Reviews-Namdaemun_Market-Seoul.html#REVIEWS,Namdaemun_Market-Seoul
504,https://www.tripadvisor.co.kr/Attraction_Review-g294197-d3808315-Reviews-Sungnyemun_Gate-Seoul.html#REVIEWS,Sungnyemun_Gate-Seoul
505,https://www.tripadvisor.co.kr/Attraction_Review-g2024864-d3136736-Reviews-Petite_France-Gapyeong_gun_Gyeonggi_do.html#REVIEWS,Petite_France-Gapyeong_gun_Gyeonggi_do
506,https://www.tripadvisor.co.kr/Attraction_Review-g294197-d7154750-Reviews-Hongdae_Art_Market_Free_Market-Seoul.html#REVIEWS,Hongdae_Art_Market_Free_Market-Seoul
507,https://www.tripadvisor.co.kr/Attraction_Review-g294197-d12335274-Reviews-Club_Bonita_Seoul-Seoul.html#REVIEWS,Club_Bonita_Seoul-Seoul
508,https://www.tripadvisor.co.kr/Attraction_Review-g297889-d8610834-Reviews-Incheon_Bridge_Memorial_Hall-Incheon.html#REVIEWS,Incheon_Bridge_Memorial_Hall-Incheon
509,https://www.tripadvisor.co.kr/Attraction_Review-g297889-d3821928-Reviews-Eurwangni_Beach-Incheon.html#REVIEWS,Eurwangni_Beach-Incheon
510,https://www.tripadvisor.co.kr/Attraction_Review-g2024866-d5038035-Reviews-Cheonggyesan_Mountain-Gwacheon_Gyeonggi_do.html#REVIEWS,Cheonggyesan_Mountain-Gwacheon_Gyeonggi_do
511,https://www.tripadvisor.co.kr/Attraction_Review-g294197-d7060838-Reviews-Cheonggyecheon_Museum-Seoul.html#REVIEWS,Cheonggyecheon_Museum-Seoul
512,https://www.tripadvisor.co.kr/Attraction_Review-g294197-d10020530-Reviews-Seoul_Lantern_Festival-Seoul.html#REVIEWS,Seoul_Lantern_Festival-Seoul
513,https://www.tripadvisor.co.kr/Attraction_Review-g1643550-d3805598-Reviews-Jukjeon_Cafe_Street-Yongin_Gyeonggi_do.html#REVIEWS,Jukjeon_Cafe_Street-Yongin_Gyeonggi_do
514,https://www.tripadvisor.co.kr/Attraction_Review-g297887-d12188312-Reviews-Banseok_Station_Cafe_Street-Daejeon.html#REVIEWS,Banseok_Station_Cafe_Street-Daejeon
515,https://www.tripadvisor.co.kr/Attraction_Review-g297885-d10126654-Reviews-Woljeongri_Beach-Jeju_Jeju_Island.html#REVIEWS,Woljeongri_Beach-Jeju_Jeju_Island
516,https://www.tripadvisor.co.kr/Attraction_Review-g297884-d1718638-Reviews-Gukje_Market-Busan.html#REVIEWS,Gukje_Market-Busan
517,https://www.tripadvisor.co.kr/Attraction_Review-g612376-d4094685-Reviews-Changwon_City_Museum-Changwon_Gyeongsangnam_do.html#REVIEWS,Changwon_City_Museum-Changwon_Gyeongsangnam_do
518,https://www.tripadvisor.co.kr/Attraction_Review-g2024843-d3805579-Reviews-Mihwangsa_Temple-Haenam_gun_Jeollanam_do.html#REVIEWS,Mihwangsa_Temple-Haenam_gun_Jeollanam_do
519,https://www.tripadvisor.co.kr/Attraction_Review-g612376-d4094443-Reviews-Munsin_Art_Museum-Changwon_Gyeongsangnam_do.html#REVIEWS,Munsin_Art_Museum-Changwon_Gyeongsangnam_do
520,https://www.tripadvisor.co.kr/Attraction_Review-g2018508-d6226996-Reviews-Goseong_Unification_Observatory-Goseong_gun_Gangwon_do.html#REVIEWS,Goseong_Unification_Observatory-Goseong_gun_Gangwon_do
521,https://www.tripadvisor.co.kr/Attraction_Review-g1872665-d3420720-Reviews-Odusan_Unification_Tower-Paju_Gyeonggi_do.html#REVIEWS,Odusan_Unification_Tower-Paju_Gyeonggi_do
522,https://www.tripadvisor.co.kr/Attraction_Review-g1072089-d1836199-Reviews-Odusan_Unite_Lookout-Gyeonggi_do.html#REVIEWS,Odusan_Unite_Lookout-Gyeonggi_do
523,https://www.tripadvisor.co.kr/Attraction_Review-g424960-d4608688-Reviews-Suwon_World_Cup_Stadium-Suwon_Gyeonggi_do.html#REVIEWS,Suwon_World_Cup_Stadium-Suwon_Gyeonggi_do
524,https://www.tripadvisor.co.kr/Attraction_Review-g1143545-d3136731-Reviews-Jeonju_World_Cup_Stadium-Jeonju_Jeollabuk_do.html#REVIEWS,Jeonju_World_Cup_Stadium-Jeonju_Jeollabuk_do
525,https://www.tripadvisor.co.kr/Attraction_Review-g294197-d8084014-Reviews-Hyundai_Department_Store_Apgujeong_Main-Seoul.html#REVIEWS,Hyundai_Department_Store_Apgujeong_Main-Seoul
526,https://www.tripadvisor.co.kr/Attraction_Review-g297884-d2344546-Reviews-Shinsegae_Dept_Store_Centum_City-Busan.html#REVIEWS,Shinsegae_Dept_Store_Centum_City-Busan
527,https://www.tripadvisor.co.kr/Attraction_Review-g297884-d3447149-Reviews-APEC_Naru_Park-Busan.html#REVIEWS,APEC_Naru_Park-Busan
528,https://www.tripadvisor.co.kr/Attraction_Review-g297884-d7917429-Reviews-Shinsegae_Gallery-Busan.html#REVIEWS,Shinsegae_Gallery-Busan
529,https://www.tripadvisor.co.kr/Attraction_Review-g297884-d1675053-Reviews-Gijang_Market-Busan.html#REVIEWS,Gijang_Market-Busan
530,https://www.tripadvisor.co.kr/Attraction_Review-g2018513-d8285796-Reviews-Samtan_Art_Mine-Jeongseon_gun_Gangwon_do.html#REVIEWS,Samtan_Art_Mine-Jeongseon_gun_Gangwon_do
531,https://www.tripadvisor.co.kr/Attraction_Review-g1074139-d5924557-Reviews-Samcheok_Ocean_Railbike-Samcheok_Gangwon_do.html#REVIEWS,Samcheok_Ocean_Railbike-Samcheok_Gangwon_do
532,https://www.tripadvisor.co.kr/Attraction_Review-g2018513-d4731328-Reviews-Jeongseon_Rail_Bike-Jeongseon_gun_Gangwon_do.html#REVIEWS,Jeongseon_Rail_Bike-Jeongseon_gun_Gangwon_do
533,https://www.tripadvisor.co.kr/Attraction_Review-g1074108-d6847906-Reviews-Yeosu_Ocean_Rail_Bike-Yeosu_Jeollanam_do.html#REVIEWS,Yeosu_Ocean_Rail_Bike-Yeosu_Jeollanam_do
534,https://www.tripadvisor.co.kr/Attraction_Review-g297885-d8070449-Reviews-Jeju_Jungang_Underground_Shopping_Center-Jeju_Jeju_Island.html#REVIEWS,Jeju_Jungang_Underground_Shopping_Center-Jeju_Jeju_Island
535,https://www.tripadvisor.co.kr/Attraction_Review-g1872665-d12657689-Reviews-Provence_Town-Paju_Gyeonggi_do.html#REVIEWS,Provence_Town-Paju_Gyeonggi_do
536,https://www.tripadvisor.co.kr/Attraction_Review-g294197-d7891838-Reviews-LG_Arts_Center-Seoul.html#REVIEWS,LG_Arts_Center-Seoul
537,https://www.tripadvisor.co.kr/Attraction_Review-g297884-d5040365-Reviews-Seokbulsa_Temple-Busan.html#REVIEWS,Seokbulsa_Temple-Busan
538,https://www.tripadvisor.co.kr/Attraction_Review-g2024868-d3423121-Reviews-Namhansanseong_Provincial_Park-Gwangju_Gyeonggi_do.html#REVIEWS,Namhansanseong_Provincial_Park-Gwangju_Gyeonggi_do
539,https://www.tripadvisor.co.kr/Attraction_Review-g2024868-d10338816-Reviews-Namhansanseong_Fortress-Gwangju_Gyeonggi_do.html#REVIEWS,Namhansanseong_Fortress-Gwangju_Gyeonggi_do
540,https://www.tripadvisor.co.kr/Attraction_Review-g2024868-d3423131-Reviews-Namhansansung_History_Museum-Gwangju_Gyeonggi_do.html#REVIEWS,Namhansansung_History_Museum-Gwangju_Gyeonggi_do
541,https://www.tripadvisor.co.kr/Attraction_Review-g2024873-d4095639-Reviews-Hwangsong_Park-Seongnam_Gyeonggi_do.html#REVIEWS,Hwangsong_Park-Seongnam_Gyeonggi_do
542,https://www.tripadvisor.co.kr/Attraction_Review-g2018516-d1961153-Reviews-Vivaldi_Park_Ocean_World-Hongcheon_gun_Gangwon_do.html#REVIEWS,Vivaldi_Park_Ocean_World-Hongcheon_gun_Gangwon_do
543,https://www.tripadvisor.co.kr/Attraction_Review-g612377-d3821623-Reviews-Ocean_700-Pyeongchang_gun_Gangwon_do.html#REVIEWS,Ocean_700-Pyeongchang_gun_Gangwon_do
544,https://www.tripadvisor.co.kr/Attraction_Review-g1074125-d8746480-Reviews-Bears_Town_Ski_Sled-Pocheon_Gyeonggi_do.html#REVIEWS,Bears_Town_Ski_Sled-Pocheon_Gyeonggi_do
545,https://www.tripadvisor.co.kr/Attraction_Review-g612376-d10020519-Reviews-Jinhae_Gunhangje_Festival-Changwon_Gyeongsangnam_do.html#REVIEWS,Jinhae_Gunhangje_Festival-Changwon_Gyeongsangnam_do
546,https://www.tripadvisor.co.kr/Attraction_Review-g612376-d7108023-Reviews-Jinhae_Dream_Park-Changwon_Gyeongsangnam_do.html#REVIEWS,Jinhae_Dream_Park-Changwon_Gyeongsangnam_do
547,https://www.tripadvisor.co.kr/Attraction_Review-g612376-d3808249-Reviews-Yeojwacheon_Stream-Changwon_Gyeongsangnam_do.html#REVIEWS,Yeojwacheon_Stream-Changwon_Gyeongsangnam_do
548,https://www.tripadvisor.co.kr/Attraction_Review-g612376-d7108003-Reviews-Jinhae_NFRDI_Environment_Eco_park-Changwon_Gyeongsangnam_do.html#REVIEWS,Jinhae_NFRDI_Environment_Eco_park-Changwon_Gyeongsangnam_do
549,https://www.tripadvisor.co.kr/Attraction_Review-g612376-d4094724-Reviews-Jinhaesiripbangmulgwan-Changwon_Gyeongsangnam_do.html#REVIEWS,Jinhaesiripbangmulgwan-Changwon_Gyeongsangnam_do
550,https://www.tripadvisor.co.kr/Attraction_Review-g1872665-d2076197-Reviews-Panmunjom-Paju_Gyeonggi_do.html#REVIEWS,Panmunjom-Paju_Gyeonggi_do
551,https://www.tripadvisor.co.kr/Attraction_Review-g294197-d2358920-Reviews-International_Cultural_Service_Club_ICSC-Seoul.html#REVIEWS,International_Cultural_Service_Club_ICSC-Seoul
552,https://www.tripadvisor.co.kr/Attraction_Review-g1872665-d324943-Reviews-Camp_Bonifas-Paju_Gyeonggi_do.html#REVIEWS,Camp_Bonifas-Paju_Gyeonggi_do
553,https://www.tripadvisor.co.kr/Attraction_Review-g294197-d1579808-Reviews-Lotte_Duty_Free_Main_Store-Seoul.html#REVIEWS,Lotte_Duty_Free_Main_Store-Seoul
554,https://www.tripadvisor.co.kr/Attraction_Review-g294197-d1383392-Reviews-The_Shilla_Duty_Free_Seoul-Seoul.html#REVIEWS,The_Shilla_Duty_Free_Seoul-Seoul
555,https://www.tripadvisor.co.kr/Attraction_Review-g294197-d3581554-Reviews-Dongwha_Duty_Free-Seoul.html#REVIEWS,Dongwha_Duty_Free-Seoul
556,https://www.tripadvisor.co.kr/Attraction_Review-g294197-d3694519-Reviews-Ihwa_Mural_Village-Seoul.html#REVIEWS,Ihwa_Mural_Village-Seoul
557,https://www.tripadvisor.co.kr/Attraction_Review-g2018516-d11695367-Reviews-Hongcheon_Ginkgo_Forest-Hongcheon_gun_Gangwon_do.html#REVIEWS,Hongcheon_Ginkgo_Forest-Hongcheon_gun_Gangwon_do
558,https://www.tripadvisor.co.kr/Attraction_Review-g2018516-d13453829-Reviews-Alpaca_World-Hongcheon_gun_Gangwon_do.html#REVIEWS,Alpaca_World-Hongcheon_gun_Gangwon_do
559,https://www.tripadvisor.co.kr/Attraction_Review-g2018516-d7987047-Reviews-Hongcheon_Saengmyeong_Geongang_Gwahakgwan-Hongcheon_gun_Gangwon_do.html#REVIEWS,Hongcheon_Saengmyeong_Geongang_Gwahakgwan-Hongcheon_gun_Gangwon_do
560,https://www.tripadvisor.co.kr/Attraction_Review-g2018516-d3805515-Reviews-Sutasa_Temple-Hongcheon_gun_Gangwon_do.html#REVIEWS,Sutasa_Temple-Hongcheon_gun_Gangwon_do
561,https://www.tripadvisor.co.kr/Attraction_Review-g294197-d7376481-Reviews-Noryangjin_Fisheries_Wholesale_Market-Seoul.html#REVIEWS,Noryangjin_Fisheries_Wholesale_Market-Seoul
562,https://www.tripadvisor.co.kr/Attraction_Review-g946497-d7981394-Reviews-Bucheon_Jungang_Park-Bucheon_Gyeonggi_do.html#REVIEWS,Bucheon_Jungang_Park-Bucheon_Gyeonggi_do
563,https://www.tripadvisor.co.kr/Attraction_Review-g1138011-d2696960-Reviews-Yongmunsa_Temple-Yangpyeong_gun_Gyeonggi_do.html#REVIEWS,Yongmunsa_Temple-Yangpyeong_gun_Gyeonggi_do
564,https://www.tripadvisor.co.kr/Attraction_Review-g1047890-d3805443-Reviews-Cheongpung_Cultural_Heritage_Complex-Jecheon_Chungcheongbuk_do.html#REVIEWS,Cheongpung_Cultural_Heritage_Complex-Jecheon_Chungcheongbuk_do
565,https://www.tripadvisor.co.kr/Attraction_Review-g297886-d3805434-Reviews-Daegu_National_Museum-Daegu.html#REVIEWS,Daegu_National_Museum-Daegu
566,https://www.tripadvisor.co.kr/Attraction_Review-g2024847-d12269241-Reviews-Kyungpook_National_University_Natural_History_Museum-Gunwi_gun_Gyeongsangbuk_do.html#REVIEWS,Kyungpook_National_University_Natural_History_Museum-Gunwi_gun_Gyeongsangbuk_do
567,https://www.tripadvisor.co.kr/Attraction_Review-g297886-d13198966-Reviews-Kyungpook_National_University_Museum-Daegu.html#REVIEWS,Kyungpook_National_University_Museum-Daegu
568,https://www.tripadvisor.co.kr/Attraction_Review-g676092-d1755852-Reviews-Jukdo_Market-Pohang_Gyeongsangbuk_do.html#REVIEWS,Jukdo_Market-Pohang_Gyeongsangbuk_do
569,https://www.tripadvisor.co.kr/Attraction_Review-g294197-d1960133-Reviews-Choong_Ang_High_School_Location_for_Winter_Sonata-Seoul.html#REVIEWS,Choong_Ang_High_School_Location_for_Winter_Sonata-Seoul
570,https://www.tripadvisor.co.kr/Attraction_Review-g297889-d1507786-Reviews-Chinatown-Incheon.html#REVIEWS,Chinatown-Incheon
571,https://www.tripadvisor.co.kr/Attraction_Review-g297889-d3821878-Reviews-Incheon_Art_Platform-Incheon.html#REVIEWS,Incheon_Art_Platform-Incheon
572,https://www.tripadvisor.co.kr/Attraction_Review-g297887-d4094949-Reviews-Daejeon_Museum_of_Art-Daejeon.html#REVIEWS,Daejeon_Museum_of_Art-Daejeon
573,https://www.tripadvisor.co.kr/Attraction_Review-g2024821-d12868967-Reviews-Imsil_Cheese_Theme_Park-Imsil_gun_Jeollabuk_do.html#REVIEWS,Imsil_Cheese_Theme_Park-Imsil_gun_Jeollabuk_do
574,https://www.tripadvisor.co.kr/Attraction_Review-g2024859-d8472393-Reviews-Seongryugul_Cave-Uljin_gun_Gyeongsangbuk_do.html#REVIEWS,Seongryugul_Cave-Uljin_gun_Gyeongsangbuk_do
575,https://www.tripadvisor.co.kr/Attraction_Review-g2024859-d3805520-Reviews-Bulyeongsa_Temple-Uljin_gun_Gyeongsangbuk_do.html#REVIEWS,Bulyeongsa_Temple-Uljin_gun_Gyeongsangbuk_do
576,https://www.tripadvisor.co.kr/Attraction_Review-g2024859-d3805623-Reviews-Mangyangjeong_Pavilion-Uljin_gun_Gyeongsangbuk_do.html#REVIEWS,Mangyangjeong_Pavilion-Uljin_gun_Gyeongsangbuk_do
577,https://www.tripadvisor.co.kr/Attraction_Review-g294197-d6876616-Reviews-Seoul_Seokchon_dong_Ancient_Tombs-Seoul.html#REVIEWS,Seoul_Seokchon_dong_Ancient_Tombs-Seoul
578,https://www.tripadvisor.co.kr/Attraction_Review-g1643550-d4095767-Reviews-Baekam_Darae_Chamsut_Gama-Yongin_Gyeonggi_do.html#REVIEWS,Baekam_Darae_Chamsut_Gama-Yongin_Gyeonggi_do
579,https://www.tripadvisor.co.kr/Attraction_Review-g2024843-d3805599-Reviews-Daeheungsa-Haenam_gun_Jeollanam_do.html#REVIEWS,Daeheungsa-Haenam_gun_Jeollanam_do
580,https://www.tripadvisor.co.kr/Attraction_Review-g294197-d3600495-Reviews-Namsan_Cable_Car-Seoul.html#REVIEWS,Namsan_Cable_Car-Seoul
581,https://www.tripadvisor.co.kr/Attraction_Review-g2024843-d4750320-Reviews-Duryunsan_Mountain_Park-Haenam_gun_Jeollanam_do.html#REVIEWS,Duryunsan_Mountain_Park-Haenam_gun_Jeollanam_do
582,https://www.tripadvisor.co.kr/Attraction_Review-g294197-d1440196-Reviews-Seodaemun_Prison_History_Hall-Seoul.html#REVIEWS,Seodaemun_Prison_History_Hall-Seoul
583,https://www.tripadvisor.co.kr/Attraction_Review-g294197-d3805479-Reviews-Dongnimmun_Gate-Seoul.html#REVIEWS,Dongnimmun_Gate-Seoul
584,https://www.tripadvisor.co.kr/Attraction_Review-g294197-d3805483-Reviews-Seodaemun_Museum_of_Natural_History-Seoul.html#REVIEWS,Seodaemun_Museum_of_Natural_History-Seoul
585,https://www.tripadvisor.co.kr/Attraction_Review-g2024815-d2314095-Reviews-Gwanghallu_Pavilion-Namwon_Jeollabuk_do.html#REVIEWS,Gwanghallu_Pavilion-Namwon_Jeollabuk_do
586,https://www.tripadvisor.co.kr/Attraction_Review-g2024815-d10020523-Reviews-Namwon_Chunhyang_Festival-Namwon_Jeollabuk_do.html#REVIEWS,Namwon_Chunhyang_Festival-Namwon_Jeollabuk_do
587,https://www.tripadvisor.co.kr/Attraction_Review-g2024815-d2478941-Reviews-Chunhyang_Theme_Park-Namwon_Jeollabuk_do.html#REVIEWS,Chunhyang_Theme_Park-Namwon_Jeollabuk_do
588,https://www.tripadvisor.co.kr/Attraction_Review-g294197-d1418675-Reviews-COEX_Center-Seoul.html#REVIEWS,COEX_Center-Seoul
589,https://www.tripadvisor.co.kr/Attraction_Review-g297884-d2630111-Reviews-Paradise_Duty_Free_Shop-Busan.html#REVIEWS,Paradise_Duty_Free_Shop-Busan
590,https://www.tripadvisor.co.kr/Attraction_Review-g297886-d8385444-Reviews-Gyesan_Catholic_Church-Daegu.html#REVIEWS,Gyesan_Catholic_Church-Daegu